time,odom_x,kf_x,ekf_x,pf_x
103.500000,0.000000,-0.000000,-0.000000,-0.000963
103.520000,0.000000,-0.000000,-0.000000,-0.002807
103.540000,0.000000,-0.000000,-0.000000,-0.003462
103.560000,0.000000,-0.000000,-0.000000,-0.003939
103.580000,0.000000,-0.000000,-0.000000,-0.003669
103.600000,0.000000,-0.000000,-0.000000,-0.005213
103.620000,0.000000,-0.000000,-0.000000,-0.012608
103.640000,0.000000,-0.000000,-0.000000,-0.011592
103.660000,0.000000,-0.000000,-0.000000,-0.013855
103.680000,0.000000,-0.000000,-0.000000,-0.008299
103.700000,0.000000,-0.000000,-0.000000,-0.008483
103.720000,0.000000,-0.000000,-0.000000,-0.012041
103.740000,0.000000,-0.000000,-0.000000,-0.010630
103.760000,0.000000,-0.000000,-0.000000,-0.011403
103.780000,0.000000,-0.000000,-0.000000,-0.013576
103.800000,0.000000,-0.000000,-0.000000,-0.012859
103.820000,0.000000,-0.000000,-0.000000,-0.018312
103.840000,0.000000,-0.000000,-0.000000,-0.017343
103.860000,0.000000,-0.000000,-0.000000,-0.017381
103.880000,0.000000,-0.000000,-0.000000,-0.013705
103.900000,0.000000,-0.000000,-0.000000,-0.008371
103.920000,0.000000,-0.000000,-0.000000,-0.013425
103.940000,0.000000,-0.000000,-0.000000,-0.007942
103.960000,0.000000,-0.000000,-0.000000,-0.013866
103.980000,0.000000,-0.000000,-0.000000,-0.014211
104.000000,0.000000,-0.000000,-0.000000,-0.013195
104.020000,0.000000,-0.000000,-0.000000,-0.015767
104.040000,0.000000,-0.000000,-0.000000,-0.017184
104.060000,0.000000,-0.000000,-0.000000,-0.022676
104.080000,0.000000,-0.000000,-0.000000,-0.018622
104.100000,0.000000,-0.000000,-0.000000,-0.012483
104.120000,0.000000,-0.000000,-0.000000,-0.020278
104.140000,0.000000,-0.000000,-0.000000,-0.018808
104.160000,0.000000,-0.000000,-0.000000,-0.023348
104.180000,0.000000,-0.000000,-0.000000,-0.023753
104.200000,0.000000,-0.000000,-0.000000,-0.020805
104.220000,0.000000,-0.000000,-0.000000,-0.018718
104.240000,0.000000,-0.000000,-0.000000,-0.015743
104.260000,0.000000,-0.000000,-0.000000,-0.008312
104.280000,0.000000,-0.000000,-0.000000,-0.004152
104.300000,0.000000,-0.000000,-0.000000,-0.001553
104.320000,0.000000,-0.000000,-0.000000,-0.008089
104.340000,0.000000,-0.000000,-0.000000,-0.009429
104.360000,0.000000,-0.000000,-0.000000,-0.010178
104.380000,0.000000,-0.000000,-0.000000,-0.009874
104.400000,0.000000,-0.000000,-0.000000,-0.010155
104.420000,0.000000,-0.000000,-0.000000,-0.007444
104.440000,0.000000,-0.000000,-0.000000,-0.008520
104.460000,0.000000,-0.000000,-0.000000,-0.003389
104.480000,0.000000,-0.000000,-0.000000,0.002688
104.500000,0.000000,-0.000000,-0.000000,0.002259
104.520000,0.000000,-0.000000,-0.000000,0.001221
104.540000,0.000000,-0.000000,-0.000000,-0.004457
104.560000,0.000000,-0.000000,-0.000000,-0.004065
104.580000,0.000000,-0.000000,-0.000000,-0.000788
104.600000,0.000000,-0.000000,-0.000000,-0.000426
104.620000,0.000000,-0.000000,-0.000000,0.002255
104.640000,0.000000,-0.000000,-0.000000,0.002726
104.660000,0.000000,-0.000000,-0.000000,-0.016161
104.680000,0.000000,-0.000000,-0.000000,-0.021108
104.700000,0.000000,-0.000000,-0.000000,-0.023165
104.720000,0.000000,-0.000000,-0.000000,-0.013058
104.740000,0.000000,-0.000000,-0.000000,-0.010066
104.760000,0.000000,-0.000000,-0.000000,-0.016145
104.780000,0.000000,-0.000000,-0.000000,-0.023270
104.800000,0.000000,-0.000000,-0.000000,-0.022642
104.820000,0.000000,-0.000000,-0.000000,-0.023802
104.840000,0.000000,-0.000000,-0.000000,-0.023939
104.860000,0.000000,-0.000000,-0.000000,-0.017402
104.880000,0.000000,-0.000000,-0.000000,-0.019044
104.900000,0.000000,-0.000000,-0.000000,-0.019345
104.920000,0.000000,-0.000000,-0.000000,-0.023225
104.940000,0.000000,-0.000000,-0.000000,-0.031172
104.960000,0.000000,-0.000000,-0.000000,-0.029818
104.980000,0.000000,-0.000000,-0.000000,-0.033553
105.000000,0.000000,-0.000000,-0.000000,-0.031767
105.020000,0.000000,-0.000000,-0.000000,-0.035295
105.040000,0.000000,-0.000000,-0.000000,-0.037621
105.060000,0.000000,-0.000000,-0.000000,-0.036270
105.080000,0.000000,-0.000000,-0.000000,-0.033208
105.100000,0.000000,-0.000000,-0.000000,-0.037657
105.120000,0.000000,-0.000000,-0.000000,-0.040059
105.140000,0.000000,-0.000000,-0.000000,-0.046456
105.160000,0.000000,-0.000000,-0.000000,-0.053186
105.180000,0.000000,-0.000000,-0.000000,-0.051873
105.200000,0.000000,-0.000000,-0.000000,-0.060831
105.220000,0.000000,-0.000000,-0.000000,-0.062932
105.240000,0.000000,-0.000000,-0.000000,-0.059701
105.260000,0.000000,-0.000000,-0.000000,-0.065572
105.280000,0.000000,-0.000000,-0.000000,-0.066631
105.300000,0.000000,-0.000000,-0.000000,-0.073177
105.320000,0.000000,-0.000000,-0.000000,-0.074093
105.340000,0.000000,-0.000000,-0.000000,-0.076278
105.360000,0.000000,-0.000000,-0.000000,-0.072308
105.380000,0.000000,-0.000000,-0.000000,-0.071353
105.400000,0.000000,-0.000000,-0.000000,-0.078631
105.420000,0.000000,-0.000000,-0.000000,-0.071484
105.440000,0.000000,-0.000000,-0.000000,-0.069861
105.460000,0.000000,-0.000000,-0.000000,-0.065687
105.480000,0.000000,-0.000000,-0.000000,-0.061984
105.500000,0.000000,-0.000000,-0.000000,-0.062570
105.520000,0.000000,-0.000000,-0.000000,-0.058336
105.540000,0.000000,-0.000000,-0.000000,-0.050818
105.560000,0.000000,-0.000000,-0.000000,-0.047103
105.580000,0.000000,-0.000000,-0.000000,-0.053291
105.600000,0.000000,-0.000000,-0.000000,-0.047841
105.620000,0.000000,-0.000000,-0.000000,-0.049612
105.640000,0.000000,-0.000000,-0.000000,-0.057711
105.660000,0.000000,-0.000000,-0.000000,-0.060112
105.680000,0.000000,-0.000000,-0.000000,-0.069577
105.700000,0.000000,-0.000000,-0.000000,-0.071885
105.720000,0.000000,-0.000000,-0.000000,-0.076916
105.740000,0.000000,-0.000000,-0.000000,-0.075281
105.760000,0.000000,-0.000000,-0.000000,-0.088338
105.780000,0.000000,-0.000000,-0.000000,-0.093162
105.800000,0.000000,-0.000000,-0.000000,-0.100830
105.820000,0.000000,-0.000000,-0.000000,-0.099676
105.840000,0.000000,-0.000000,-0.000000,-0.096051
105.860000,0.000000,-0.000000,-0.000000,-0.104234
105.880000,0.000000,-0.000000,-0.000000,-0.104265
105.900000,0.000000,-0.000000,-0.000000,-0.103026
105.920000,0.000000,-0.000000,-0.000000,-0.098509
105.940000,0.000000,-0.000000,-0.000000,-0.108607
105.960000,0.000000,-0.000000,-0.000000,-0.107671
105.980000,0.000000,-0.000000,-0.000000,-0.110337
106.000000,0.000000,-0.000000,-0.000000,-0.114660
106.020000,0.000000,-0.000000,-0.000000,-0.110618
106.040000,0.000000,-0.000000,-0.000000,-0.112687
106.060000,0.000000,-0.000000,-0.000000,-0.120992
106.080000,0.000000,-0.000000,-0.000000,-0.116765
106.100000,0.000000,-0.000000,-0.000000,-0.118849
106.120000,0.000000,-0.000000,-0.000000,-0.114666
106.140000,0.000000,-0.000000,-0.000000,-0.107318
106.160000,0.000000,-0.000000,-0.000000,-0.095591
106.180000,0.000000,-0.000000,-0.000000,-0.099779
106.200000,0.000000,-0.000000,-0.000000,-0.095161
106.220000,0.000000,-0.000000,-0.000000,-0.092226
106.240000,0.000000,-0.000000,-0.000000,-0.089963
106.260000,0.000000,-0.000000,-0.000000,-0.091045
106.280000,0.000000,-0.000000,-0.000000,-0.094077
106.300000,0.000000,-0.000000,-0.000000,-0.091864
106.320000,0.000000,-0.000000,-0.000000,-0.091013
106.340000,0.000000,-0.000000,-0.000000,-0.079991
106.360000,0.000000,-0.000000,-0.000000,-0.090082
106.380000,0.000000,-0.000000,-0.000000,-0.092771
106.400000,0.000000,-0.000000,-0.000000,-0.084612
106.420000,0.000000,-0.000000,-0.000000,-0.087206
106.440000,0.000000,-0.000000,-0.000000,-0.083885
106.460000,0.000000,-0.000000,-0.000000,-0.089604
106.480000,0.000000,-0.000000,-0.000000,-0.086413
106.500000,0.000004,0.000028,0.000019,-0.085392
106.520000,0.000272,0.000138,0.000659,-0.104056
106.540000,0.000961,0.000324,0.001755,-0.113523
106.560000,0.002051,0.000620,0.003380,-0.105938
106.580000,0.003540,0.001074,0.005580,-0.102379
106.600000,0.005428,0.001688,0.008143,-0.097569
106.620000,0.007715,0.002608,0.011307,-0.107761
106.640000,0.010399,0.004904,0.015439,-0.099055
106.660000,0.013481,0.007243,0.020241,-0.078039
106.680000,0.016958,0.008752,0.024967,-0.059472
106.700000,0.020821,0.010807,0.030251,-0.052423
106.720000,0.024799,0.013514,0.035671,-0.031381
106.740000,0.028772,0.016484,0.040978,-0.013977
106.760000,0.032741,0.020341,0.046470,0.001455
106.780000,0.036705,0.024582,0.052030,0.010069
106.800000,0.040663,0.028321,0.057223,0.026782
106.820000,0.044616,0.034661,0.063027,0.031924
106.840000,0.048562,0.040222,0.068462,0.041149
106.860000,0.052501,0.042894,0.073728,0.042447
106.880000,0.056433,0.046991,0.078939,0.035226
106.900000,0.060357,0.051878,0.084187,0.037318
106.920000,0.064274,0.056009,0.089416,0.045485
106.940000,0.068182,0.060682,0.094712,0.051709
106.960000,0.072081,0.067178,0.100127,0.057910
106.980000,0.075972,0.073230,0.105516,0.050737
107.000000,0.079853,0.081936,0.111262,0.045136
107.020000,0.083724,0.091914,0.117230,0.047182
107.040000,0.087584,0.100802,0.123120,0.053273
107.060000,0.091434,0.112414,0.129229,0.068543
107.080000,0.095273,0.121794,0.135277,0.067986
107.340000,0.144003,0.166051,0.199076,0.137658
107.360000,0.147648,0.173345,0.202715,0.139918
107.380000,0.151276,0.179388,0.207290,0.146009
107.400000,0.154887,0.186609,0.211766,0.146779
107.420000,0.158481,0.193635,0.216643,0.157358
107.440000,0.162057,0.199066,0.221000,0.161757
107.460000,0.165615,0.205967,0.225424,0.165049
107.480000,0.169154,0.210544,0.229704,0.173669
107.500000,0.172675,0.214994,0.233775,0.181141
107.520000,0.176176,0.218614,0.237795,0.189375
107.540000,0.179658,0.224890,0.242136,0.209414
107.560000,0.183120,0.232619,0.246205,0.208262
107.580000,0.186562,0.235476,0.250102,0.210266
107.600000,0.189983,0.241739,0.254102,0.208272
107.620000,0.193383,0.249142,0.258264,0.226421
107.640000,0.196762,0.253108,0.262062,0.234103
107.660000,0.200120,0.259024,0.266107,0.234652
107.680000,0.203455,0.266967,0.269993,0.235664
107.700000,0.206769,0.271828,0.273630,0.235742
107.720000,0.210060,0.276181,0.277246,0.241592
107.740000,0.213328,0.281793,0.280832,0.243668
107.760000,0.216572,0.285924,0.284250,0.246456
107.780000,0.219793,0.291601,0.287801,0.245473
107.800000,0.222991,0.298623,0.291342,0.254839
107.820000,0.226164,0.307282,0.294985,0.258591
107.840000,0.229312,0.311780,0.298301,0.254855
107.860000,0.232436,0.318451,0.301701,0.258050
107.880000,0.235535,0.323469,0.304833,0.258335
107.900000,0.238608,0.329324,0.308038,0.260190
107.920000,0.241655,0.337255,0.311290,0.261296
107.940000,0.244676,0.342010,0.314293,0.266977
107.960000,0.247671,0.345482,0.317101,0.272975
107.980000,0.250640,0.348900,0.319824,0.275376
108.000000,0.253581,0.352777,0.322509,0.271677
108.020000,0.256495,0.359392,0.325289,0.275548
108.040000,0.259382,0.366221,0.328088,0.271942
108.060000,0.262240,0.371432,0.330715,0.275275
108.080000,0.265071,0.377382,0.333307,0.276472
108.100000,0.267873,0.382004,0.335712,0.280467
108.120000,0.270646,0.386656,0.338012,0.273774
108.140000,0.273391,0.392064,0.340408,0.272498
108.160000,0.276106,0.398533,0.342677,0.271648
108.180000,0.278792,0.403400,0.344806,0.273241
108.200000,0.281448,0.409262,0.346958,0.266367
108.220000,0.284074,0.414816,0.349044,0.266095
108.240000,0.286670,0.421242,0.351065,0.265833
108.260000,0.289235,0.428115,0.353027,0.265119
108.280000,0.291769,0.432960,0.354865,0.262876
108.300000,0.294272,0.439122,0.356671,0.277261
108.320000,0.296744,0.442852,0.358290,0.273523
108.340000,0.299184,0.446261,0.359832,0.282093
108.360000,0.301593,0.451758,0.361362,0.280943
108.380000,0.303969,0.457695,0.362868,0.292065
108.400000,0.306314,0.463187,0.364244,0.290591
108.420000,0.308625,0.468315,0.365554,0.292651
108.440000,0.310904,0.472692,0.366781,0.290746
108.460000,0.313150,0.479099,0.367969,0.284957
108.480000,0.315362,0.483291,0.369030,0.278162
108.500000,0.317542,0.489505,0.370081,0.267365
108.520000,0.319687,0.496632,0.371086,0.271165
108.540000,0.321799,0.501849,0.371956,0.276062
108.560000,0.323877,0.506301,0.372739,0.277917
108.580000,0.325920,0.514882,0.373520,0.274626
108.600000,0.327929,0.519631,0.374176,0.271702
108.620000,0.329903,0.525279,0.374766,0.263629
108.640000,0.331842,0.529133,0.375239,0.273974
108.660000,0.333746,0.534351,0.375665,0.278568
108.680000,0.335615,0.537667,0.376007,0.276220
108.700000,0.337449,0.544672,0.376306,0.278287
108.720000,0.339247,0.550322,0.376513,0.281366
108.740000,0.341009,0.555192,0.376645,0.284274
108.760000,0.342735,0.559850,0.376698,0.283279
108.780000,0.344425,0.565576,0.376681,0.286956
108.800000,0.346078,0.571009,0.376590,0.289103
108.820000,0.347695,0.578825,0.376416,0.277089
108.840000,0.349275,0.581613,0.376186,0.288706
108.860000,0.350819,0.587245,0.375868,0.285988
108.880000,0.352325,0.594366,0.375455,0.286260
108.900000,0.353795,0.600092,0.374994,0.278684
108.920000,0.355227,0.607153,0.374432,0.272979
108.940000,0.356622,0.611455,0.373820,0.271399
108.960000,0.357979,0.619180,0.373094,0.278129
108.980000,0.359298,0.622153,0.372351,0.277908
109.000000,0.360580,0.627968,0.371498,0.274725
109.020000,0.361824,0.633300,0.370573,0.295116
109.040000,0.363029,0.639656,0.369572,0.287695
109.060000,0.364197,0.647142,0.368465,0.302670
109.080000,0.365326,0.651864,0.367294,0.288951
109.100000,0.366416,0.658281,0.366032,0.288705
109.120000,0.367468,0.666313,0.364654,0.284196
109.140000,0.368482,0.671562,0.363248,0.289366
109.160000,0.369457,0.677302,0.361770,0.291898
109.180000,0.370392,0.681893,0.360249,0.284739
109.200000,0.371289,0.688330,0.358578,0.292693
109.220000,0.372147,0.695464,0.356855,0.291349
109.240000,0.372966,0.702907,0.354954,0.290534
109.260000,0.373746,0.708739,0.353046,0.292699
109.280000,0.374486,0.714988,0.351082,0.303237
109.300000,0.375187,0.718341,0.349149,0.295088
109.320000,0.375849,0.719655,0.347277,0.284639
109.340000,0.376471,0.725518,0.345163,0.299726
109.360000,0.377053,0.730963,0.342971,0.297092
109.380000,0.377596,0.734839,0.340830,0.304529
109.400000,0.378100,0.738672,0.338624,0.304569
109.420000,0.378563,0.756488,0.335432,0.285565
109.440000,0.378987,0.763279,0.332792,0.305198
109.460000,0.379371,0.767070,0.330224,0.307345
109.480000,0.379715,0.772077,0.327651,0.315016
109.500000,0.380020,0.776706,0.324935,0.309625
109.520000,0.380284,0.779898,0.322289,0.313385
109.540000,0.380509,0.783629,0.319588,0.298035
109.560000,0.380693,0.791037,0.316558,0.299735
109.580000,0.380838,0.794017,0.313754,0.294207
109.600000,0.380942,0.800385,0.310652,0.273119
109.620000,0.381007,0.808355,0.307324,0.256257
109.640000,0.381032,0.815408,0.303946,0.230076
109.660000,0.381016,0.820482,0.300749,0.222090
109.680000,0.380961,0.827091,0.297364,0.231191
109.700000,0.380866,0.832101,0.294000,0.216094
109.720000,0.380730,0.836590,0.290579,0.216506
109.740000,0.380555,0.841408,0.287153,0.210778
109.760000,0.380340,0.845320,0.283733,0.197000
109.780000,0.380084,0.851217,0.280123,0.199589
109.800000,0.379789,0.857122,0.276420,0.200770
109.820000,0.379454,0.864464,0.272499,0.195432
109.840000,0.379080,0.870645,0.268633,0.183774
109.860000,0.378665,0.877442,0.264593,0.152301
109.880000,0.378211,0.882167,0.260702,0.140064
109.900000,0.377717,0.887593,0.256811,0.137801
109.920000,0.377183,0.890806,0.252991,0.142974
109.940000,0.376609,0.896841,0.248892,0.146627
109.960000,0.375996,0.901233,0.244879,0.127995
109.980000,0.375344,0.906853,0.240709,0.122425
110.000000,0.374652,0.912756,0.236456,0.123055
110.020000,0.373921,0.918046,0.232046,0.114121
110.040000,0.373150,0.922058,0.228081,0.121702
110.060000,0.372341,0.927588,0.223718,0.108317
110.080000,0.371492,0.933461,0.219330,0.109283
110.100000,0.370604,0.938381,0.214902,0.094993
110.120000,0.369677,0.944477,0.210371,0.088153
110.140000,0.368711,0.949827,0.205908,0.070486
110.160000,0.367707,0.955891,0.201223,0.068966
110.180000,0.366664,0.960585,0.196802,0.086678
110.200000,0.365582,0.967358,0.191993,0.057165
110.220000,0.364462,0.976417,0.186735,0.025034
110.240000,0.363303,0.982726,0.181966,0.020848
110.260000,0.362107,0.986151,0.177347,0.021781
110.280000,0.360872,0.992029,0.172400,0.010596
110.300000,0.359599,0.996949,0.167582,0.005722
110.320000,0.358288,1.001220,0.162851,0.011968
110.340000,0.356940,1.006794,0.157884,-0.004993
110.360000,0.355554,1.010363,0.153143,-0.016665
110.380000,0.354130,1.014977,0.148313,-0.022449
110.400000,0.352670,1.021851,0.143089,-0.024156
110.420000,0.351172,1.029324,0.137783,-0.028577
110.440000,0.349637,1.032227,0.133045,-0.040435
110.460000,0.348065,1.035982,0.128150,-0.040313
110.480000,0.346456,1.041999,0.123012,-0.056984
110.500000,0.344811,1.048194,0.117749,-0.058278
110.520000,0.343130,1.051879,0.112847,-0.066830
110.540000,0.341412,1.055787,0.107909,-0.077898
110.560000,0.339659,1.062134,0.102657,-0.081082
110.580000,0.337869,1.068806,0.097334,-0.071527
110.600000,0.336044,1.072392,0.092262,-0.068153
110.620000,0.334183,1.081941,0.086503,-0.077278
110.640000,0.332287,1.088663,0.081010,-0.090578
110.660000,0.330356,1.094181,0.075670,-0.106350
110.680000,0.328390,1.097762,0.070517,-0.112109
110.700000,0.326389,1.103120,0.065179,-0.115545
110.720000,0.324354,1.109633,0.059669,-0.117974
110.740000,0.322284,1.113780,0.054454,-0.123967
110.760000,0.320180,1.119928,0.048914,-0.139357
110.780000,0.318042,1.124704,0.043579,-0.136973
110.800000,0.315871,1.132988,0.037741,-0.127992
110.820000,0.313666,1.138607,0.032223,-0.140084
110.840000,0.311428,1.143941,0.026773,-0.149753
110.860000,0.309157,1.148767,0.021407,-0.158223
110.880000,0.306853,1.155611,0.015579,-0.148724
110.900000,0.304516,1.159728,0.010314,-0.147175
110.920000,0.302147,1.163580,0.005081,-0.143422
110.940000,0.299746,1.168486,-0.000392,-0.163722
110.960000,0.297313,1.174390,-0.005913,-0.181353
110.980000,0.294848,1.180350,-0.011527,-0.199696
111.000000,0.292352,1.185468,-0.016984,-0.202673
111.020000,0.289825,1.193664,-0.022727,-0.224686
111.040000,0.287267,1.199172,-0.028344,-0.218814
111.060000,0.284679,1.203384,-0.033749,-0.226055
111.080000,0.282060,1.206705,-0.038839,-0.242844
111.100000,0.279411,1.211214,-0.044264,-0.228394
111.120000,0.276732,1.216083,-0.049620,-0.224881
111.140000,0.274023,1.222626,-0.055185,-0.234825
111.160000,0.271286,1.230213,-0.060972,-0.235213
111.180000,0.268519,1.235281,-0.066329,-0.236818
111.200000,0.265723,1.242196,-0.072175,-0.244204
111.220000,0.262899,1.248380,-0.077675,-0.243474
111.240000,0.260047,1.252834,-0.083020,-0.259376
111.260000,0.257167,1.258979,-0.088699,-0.279887
111.280000,0.254259,1.263970,-0.094002,-0.275883
111.300000,0.251324,1.268110,-0.099309,-0.270283
111.320000,0.248362,1.272961,-0.104566,-0.270779
111.340000,0.245374,1.279387,-0.109999,-0.290383
111.360000,0.242358,1.287608,-0.115550,-0.304454
111.380000,0.239317,1.291538,-0.121046,-0.295913
111.400000,0.236250,1.299197,-0.126519,-0.286980
111.420000,0.233157,1.302999,-0.131633,-0.293743
111.440000,0.230039,1.306485,-0.136759,-0.310197
111.460000,0.226896,1.312255,-0.141951,-0.296870
111.480000,0.223729,1.318561,-0.147333,-0.283115
111.500000,0.220537,1.324485,-0.152657,-0.275868
111.520000,0.217322,1.329660,-0.157796,-0.273108
111.540000,0.214082,1.333920,-0.162884,-0.260159
111.560000,0.210820,1.338504,-0.167723,-0.266300
111.580000,0.207534,1.344423,-0.172986,-0.270296
111.600000,0.204226,1.350422,-0.178170,-0.280979
111.620000,0.200896,1.356276,-0.183267,-0.295388
111.640000,0.197543,1.362547,-0.188332,-0.303465
111.660000,0.194169,1.369387,-0.193527,-0.319555
111.680000,0.190773,1.374646,-0.198577,-0.327563
111.700000,0.187357,1.379940,-0.203459,-0.328317
111.720000,0.183920,1.384681,-0.208235,-0.333479
111.740000,0.180463,1.388792,-0.213041,-0.343226
111.760000,0.176985,1.394293,-0.217756,-0.333429
111.780000,0.173488,1.399611,-0.222588,-0.352049
111.800000,0.169972,1.403681,-0.227051,-0.371126
111.820000,0.166437,1.410746,-0.232093,-0.372649
111.840000,0.162884,1.416900,-0.236658,-0.383952
111.860000,0.159312,1.423250,-0.241418,-0.376854
111.880000,0.155722,1.429146,-0.246064,-0.388382
111.900000,0.152115,1.433669,-0.250454,-0.381971
111.920000,0.148491,1.439614,-0.255116,-0.377410
111.940000,0.144850,1.444274,-0.259410,-0.393696
111.960000,0.141193,1.448611,-0.263718,-0.396019
111.980000,0.137520,1.454009,-0.268054,-0.405359
112.000000,0.133831,1.457577,-0.272072,-0.406043
112.020000,0.130126,1.465016,-0.276538,-0.420061
112.040000,0.126407,1.468959,-0.280648,-0.441796
112.060000,0.122674,1.474270,-0.284775,-0.456425
112.080000,0.118926,1.479485,-0.288883,-0.478362
112.100000,0.115164,1.485840,-0.292969,-0.464377
112.120000,0.111389,1.491767,-0.297041,-0.463032
112.140000,0.107601,1.498473,-0.301094,-0.474011
112.160000,0.103800,1.504011,-0.305048,-0.488412
112.180000,0.099987,1.508092,-0.308851,-0.494587
112.200000,0.096162,1.514347,-0.312619,-0.506774
112.220000,0.092326,1.520721,-0.316516,-0.507291
112.240000,0.088478,1.526436,-0.320326,-0.515259
112.260000,0.084620,1.532482,-0.323901,-0.525175
112.280000,0.080751,1.536185,-0.327361,-0.534806
112.300000,0.076873,1.541694,-0.330922,-0.536213
112.320000,0.072985,1.547450,-0.334399,-0.548722
112.340000,0.069087,1.551082,-0.337661,-0.544950
112.360000,0.065181,1.556841,-0.341082,-0.559926
112.380000,0.061266,1.562383,-0.344317,-0.562182
112.400000,0.057344,1.569535,-0.347713,-0.585716
112.420000,0.053413,1.575829,-0.350928,-0.582831
112.440000,0.049476,1.580857,-0.354031,-0.581599
112.460000,0.045532,1.587112,-0.357122,-0.583549
112.480000,0.041581,1.593467,-0.360224,-0.586543
112.500000,0.037624,1.600621,-0.363309,-0.603822
112.520000,0.033661,1.604881,-0.366155,-0.610979
112.540000,0.029694,1.608817,-0.368773,-0.636167
112.560000,0.025721,1.614571,-0.371555,-0.651958
112.580000,0.021744,1.618895,-0.374131,-0.655075
112.600000,0.017763,1.624347,-0.376721,-0.655647
112.620000,0.013778,1.632172,-0.379382,-0.654109
112.640000,0.009790,1.636574,-0.381842,-0.650736
112.660000,0.005798,1.642194,-0.384225,-0.655989
112.680000,0.001805,1.646360,-0.386544,-0.666586
112.700000,-0.002191,1.651470,-0.388728,-0.675059
112.720000,-0.006188,1.656884,-0.390918,-0.676441
112.740000,-0.010186,1.660283,-0.392947,-0.677119
112.760000,-0.014186,1.667125,-0.395102,-0.667639
112.780000,-0.018186,1.675774,-0.397146,-0.650399
112.800000,-0.022186,1.680576,-0.399164,-0.668866
112.820000,-0.026185,1.690366,-0.401079,-0.669437
112.840000,-0.030184,1.692560,-0.402841,-0.672866
112.860000,-0.034182,1.698669,-0.404513,-0.684180
112.880000,-0.038178,1.702004,-0.406044,-0.683990
112.900000,-0.042173,1.707208,-0.407630,-0.665464
112.920000,-0.046165,1.712685,-0.409090,-0.654688
112.940000,-0.050154,1.717303,-0.410467,-0.653604
112.960000,-0.054140,1.723273,-0.411821,-0.657691
112.980000,-0.058123,1.729371,-0.413112,-0.652838
113.000000,-0.062102,1.733288,-0.414265,-0.661138
113.020000,-0.066076,1.739014,-0.415373,-0.656039
113.040000,-0.070046,1.743034,-0.416373,-0.645050
113.060000,-0.074010,1.747489,-0.417320,-0.660437
113.080000,-0.077970,1.752939,-0.418219,-0.655008
113.100000,-0.081923,1.759146,-0.419054,-0.664165
113.120000,-0.085870,1.766224,-0.419835,-0.657260
113.140000,-0.089810,1.771316,-0.420514,-0.660124
113.160000,-0.093743,1.776424,-0.421104,-0.659168
113.180000,-0.097669,1.780943,-0.421639,-0.655446
113.200000,-0.101587,1.786283,-0.422070,-0.648082
113.220000,-0.105496,1.794121,-0.422479,-0.665136
113.240000,-0.109397,1.798304,-0.422777,-0.678341
113.260000,-0.113289,1.803701,-0.423007,-0.686847
113.280000,-0.117171,1.807636,-0.423158,-0.686862
113.300000,-0.121044,1.814835,-0.423248,-0.685483
113.320000,-0.124906,1.820442,-0.423259,-0.678954
113.340000,-0.128758,1.827312,-0.423191,-0.673067
113.360000,-0.132599,1.831282,-0.423053,-0.673510
113.380000,-0.136428,1.837770,-0.422829,-0.677702
113.400000,-0.140246,1.840787,-0.422562,-0.679410
113.420000,-0.144052,1.844534,-0.422218,-0.680058
113.440000,-0.147845,1.850462,-0.421785,-0.679122
113.460000,-0.151625,1.855123,-0.421296,-0.677742
113.480000,-0.155392,1.861269,-0.420711,-0.654250
113.500000,-0.159145,1.866087,-0.420082,-0.658610
113.520000,-0.162884,1.871907,-0.419343,-0.675672
113.540000,-0.166609,1.878255,-0.418521,-0.660963
113.560000,-0.170319,1.882515,-0.417705,-0.655235
113.580000,-0.174014,1.888541,-0.416750,-0.666702
113.600000,-0.177694,1.895769,-0.415691,-0.658897
113.620000,-0.181358,1.903724,-0.414533,-0.641993
113.640000,-0.185005,1.907469,-0.413405,-0.651933
113.660000,-0.188636,1.912394,-0.412161,-0.679054
113.680000,-0.192249,1.917057,-0.410886,-0.684335
113.700000,-0.195846,1.921839,-0.409551,-0.696214
113.720000,-0.199425,1.926988,-0.408142,-0.683784
113.740000,-0.202985,1.931731,-0.406624,-0.680450
113.760000,-0.206528,1.936614,-0.405017,-0.684214
113.780000,-0.210051,1.942795,-0.403371,-0.692557
113.800000,-0.213556,1.948103,-0.401718,-0.687205
113.820000,-0.217041,1.953781,-0.399867,-0.682497
113.840000,-0.220506,1.959697,-0.397987,-0.682878
113.860000,-0.223951,1.963865,-0.396126,-0.679544
113.880000,-0.227376,1.970004,-0.394087,-0.676640
113.900000,-0.230779,1.975568,-0.391967,-0.673076
113.920000,-0.234162,1.980980,-0.389897,-0.667907
113.940000,-0.237523,1.986181,-0.387706,-0.654792
113.960000,-0.240862,1.993693,-0.385304,-0.651226
113.980000,-0.244179,1.998163,-0.383019,-0.640513
114.000000,-0.247473,2.005593,-0.380485,-0.635479
114.020000,-0.250745,2.012506,-0.377881,-0.640751
114.040000,-0.253993,2.016852,-0.375409,-0.645199
114.060000,-0.257218,2.022041,-0.372775,-0.629723
114.080000,-0.260419,2.028545,-0.369972,-0.646026
114.100000,-0.263596,2.032246,-0.367342,-0.635779
114.120000,-0.266749,2.038309,-0.364570,-0.629201
114.140000,-0.269876,2.042959,-0.361582,-0.636332
114.160000,-0.272979,2.048997,-0.358694,-0.644907
114.180000,-0.276056,2.054816,-0.355677,-0.648671
114.200000,-0.279108,2.061206,-0.352577,-0.645663
114.220000,-0.282133,2.067403,-0.349310,-0.647462
114.240000,-0.285132,2.072703,-0.346074,-0.649135
114.260000,-0.288105,2.079357,-0.342721,-0.648646
114.280000,-0.291051,2.082907,-0.339526,-0.633974
114.300000,-0.293969,2.089156,-0.336093,-0.629879
114.320000,-0.296860,2.094955,-0.332603,-0.634076
114.340000,-0.299723,2.099190,-0.329115,-0.625299
114.360000,-0.302558,2.105561,-0.325567,-0.610756
114.380000,-0.305365,2.110181,-0.322023,-0.590939
114.400000,-0.308143,2.116091,-0.318294,-0.589884
114.420000,-0.310892,2.122605,-0.314438,-0.580389
114.440000,-0.313612,2.127717,-0.310718,-0.579903
114.460000,-0.316303,2.131422,-0.307082,-0.575704
114.480000,-0.318963,2.138860,-0.303164,-0.581863
114.500000,-0.321594,2.142831,-0.299239,-0.575371
114.520000,-0.324195,2.147183,-0.295262,-0.592265
114.540000,-0.326765,2.152119,-0.291290,-0.592907
114.560000,-0.329304,2.152150,-0.287837,-0.582950
114.580000,-0.331812,2.153858,-0.284233,-0.587464
114.600000,-0.334289,2.156857,-0.280404,-0.587700
114.620000,-0.336734,2.163737,-0.276285,-0.601596
114.640000,-0.339148,2.166579,-0.272448,-0.600115
114.660000,-0.341529,2.170160,-0.268471,-0.599235
114.680000,-0.343879,2.172597,-0.264783,-0.585877
114.700000,-0.346195,2.177941,-0.260636,-0.577545
114.720000,-0.348479,2.181440,-0.256669,-0.577075
114.740000,-0.350731,2.184902,-0.252517,-0.574558
114.760000,-0.352949,2.188090,-0.248745,-0.562876
114.780000,-0.355133,2.192818,-0.244669,-0.567582
114.800000,-0.357284,2.197806,-0.240529,-0.560272
114.820000,-0.359401,2.202271,-0.236337,-0.549339
114.840000,-0.361484,2.206526,-0.232131,-0.553001
114.860000,-0.363533,2.209112,-0.228181,-0.548098
114.880000,-0.365547,2.213214,-0.224022,-0.543802
114.900000,-0.367527,2.217280,-0.219847,-0.543181
114.920000,-0.369472,2.222340,-0.215545,-0.542356
114.940000,-0.371382,2.225623,-0.211409,-0.553550
114.960000,-0.373256,2.229832,-0.207224,-0.543020
114.980000,-0.375095,2.235920,-0.202866,-0.540953
115.000000,-0.376899,2.239160,-0.198523,-0.549881
115.020000,-0.378667,2.245484,-0.193950,-0.541681
115.040000,-0.380398,2.250081,-0.189713,-0.538827
115.060000,-0.382094,2.252353,-0.185478,-0.527023
115.080000,-0.383753,2.258167,-0.180893,-0.530620
115.100000,-0.385376,2.263066,-0.176455,-0.516888
115.120000,-0.386962,2.267737,-0.171941,-0.516800
115.140000,-0.388512,2.273025,-0.167464,-0.507875
115.160000,-0.390024,2.278965,-0.162677,-0.507072
115.180000,-0.391499,2.287327,-0.157563,-0.505221
115.200000,-0.392938,2.296024,-0.152362,-0.508234
115.220000,-0.394338,2.303951,-0.147236,-0.511013
115.240000,-0.395701,2.311389,-0.142079,-0.513229
115.260000,-0.397027,2.317691,-0.136985,-0.488497
115.280000,-0.398315,2.325213,-0.131678,-0.491742
115.300000,-0.399564,2.333351,-0.126321,-0.505562
115.320000,-0.400776,2.338775,-0.120950,-0.500592
115.340000,-0.401949,2.345301,-0.116030,-0.489677
115.360000,-0.403085,2.349811,-0.110720,-0.470880
115.380000,-0.404181,2.355234,-0.105569,-0.453606
115.400000,-0.405240,2.365274,-0.099901,-0.444835
115.420000,-0.406259,2.373862,-0.094069,-0.435403
115.440000,-0.407240,2.381307,-0.088459,-0.420070
115.460000,-0.408182,2.387088,-0.082886,-0.418101
115.480000,-0.409085,2.394380,-0.077313,-0.418020
115.500000,-0.409949,2.398720,-0.072048,-0.397168
115.520000,-0.410775,2.404392,-0.066600,-0.385681
115.540000,-0.411560,2.410970,-0.060990,-0.362122
115.560000,-0.412307,2.417808,-0.055275,-0.354831
115.580000,-0.413014,2.421884,-0.049911,-0.336804
115.600000,-0.413682,2.429681,-0.044128,-0.336727
115.620000,-0.414311,2.435600,-0.038521,-0.321606
115.640000,-0.414899,2.440057,-0.033115,-0.333009
115.660000,-0.415449,2.444374,-0.027672,-0.339826
115.680000,-0.415958,2.447928,-0.022568,-0.341654
115.700000,-0.416428,2.453404,-0.017032,-0.369184
115.720000,-0.416858,2.456797,-0.011851,-0.376140
115.740000,-0.417249,2.466181,-0.005915,-0.366772
115.760000,-0.417599,2.470292,-0.000526,-0.359145
115.780000,-0.417910,2.475522,0.004753,-0.353352
115.800000,-0.418181,2.482337,0.010296,-0.363666
115.820000,-0.418412,2.490285,0.016462,-0.353772
115.840000,-0.418603,2.494422,0.021692,-0.325113
115.860000,-0.418754,2.501772,0.027419,-0.299364
115.880000,-0.418865,2.505257,0.032656,-0.312992
115.900000,-0.418936,2.511206,0.038166,-0.315991
115.920000,-0.418967,2.515467,0.043447,-0.301222
115.940000,-0.418958,2.518971,0.048549,-0.306682
115.960000,-0.418909,2.524953,0.054039,-0.294108
115.980000,-0.418820,2.530212,0.059340,-0.324705
116.000000,-0.418691,2.535153,0.064605,-0.275209
116.020000,-0.418522,2.542013,0.069979,-0.262676
116.040000,-0.418313,2.547510,0.075316,-0.278238
116.060000,-0.418064,2.550790,0.080380,-0.278205
116.080000,-0.417775,2.556800,0.085633,-0.245801
116.100000,-0.417447,2.561347,0.090904,-0.276139
116.120000,-0.417078,2.566098,0.095979,-0.239038
116.140000,-0.416670,2.572397,0.101289,-0.260706
116.160000,-0.416222,2.577059,0.106285,-0.220785
116.180000,-0.415734,2.582753,0.111482,-0.191575
116.200000,-0.415207,2.587387,0.116496,-0.180368
116.220000,-0.414640,2.596236,0.121996,-0.171756
116.240000,-0.414033,2.602090,0.127089,-0.161220
116.260000,-0.413387,2.607171,0.132139,-0.150608
116.280000,-0.412701,2.611913,0.137080,-0.147695
116.300000,-0.411976,2.617574,0.142074,-0.136556
116.320000,-0.411212,2.621714,0.146891,-0.134471
116.340000,-0.410409,2.628568,0.151867,-0.138994
116.360000,-0.409566,2.633411,0.156795,-0.133167
116.380000,-0.408684,2.637270,0.161455,-0.114669
116.400000,-0.407764,2.641867,0.166374,-0.112999
116.420000,-0.406804,2.651236,0.171427,-0.098882
116.440000,-0.405806,2.658354,0.176406,-0.103955
116.460000,-0.404769,2.663443,0.181075,-0.112308
116.480000,-0.403693,2.669010,0.185874,-0.110989
116.500000,-0.402579,2.674835,0.190535,-0.076335
116.520000,-0.401427,2.681482,0.195371,-0.048280
116.540000,-0.400236,2.686255,0.199920,-0.027975
116.560000,-0.399007,2.694280,0.204712,-0.016890
116.580000,-0.397740,2.698836,0.209360,0.002029
116.600000,-0.396436,2.702956,0.213526,0.019523
116.620000,-0.395093,2.707038,0.217763,0.005141
116.640000,-0.393713,2.712757,0.222169,0.019101
116.660000,-0.392296,2.718238,0.226469,0.015191
116.680000,-0.390841,2.723072,0.230687,0.023454
116.700000,-0.389349,2.728417,0.234957,-0.002980
116.720000,-0.387820,2.734250,0.239111,0.014331
116.740000,-0.386254,2.740055,0.243259,0.028132
116.760000,-0.384651,2.744841,0.247266,0.035479
116.780000,-0.383012,2.748211,0.251015,0.043415
116.800000,-0.381336,2.754449,0.255014,0.057106
116.820000,-0.379624,2.760333,0.259011,0.063319
116.840000,-0.377877,2.766086,0.262962,0.082858
116.860000,-0.376093,2.770969,0.266605,0.088394
116.880000,-0.374273,2.778123,0.270541,0.081151
116.900000,-0.372418,2.782407,0.274088,0.089121
116.920000,-0.370528,2.789155,0.277900,0.105638
116.940000,-0.368602,2.795666,0.281580,0.109868
116.960000,-0.366642,2.800044,0.285014,0.116469
116.980000,-0.364646,2.806286,0.288517,0.118046
117.000000,-0.362616,2.810696,0.291891,0.131412
117.020000,-0.360552,2.817175,0.295278,0.121673
117.040000,-0.358454,2.824150,0.298725,0.124428
117.060000,-0.356321,2.828657,0.301933,0.132945
117.080000,-0.354155,2.833054,0.304944,0.131424
117.100000,-0.351956,2.838048,0.308039,0.124239
117.120000,-0.349723,2.844467,0.311170,0.125155
117.140000,-0.347457,2.848983,0.314067,0.118279
117.160000,-0.345158,2.852434,0.316841,0.129596
117.180000,-0.342827,2.858265,0.319706,0.124178
117.200000,-0.340463,2.864135,0.322494,0.119460
117.220000,-0.338067,2.869776,0.325199,0.121888
117.240000,-0.335639,2.874979,0.327857,0.117934
117.260000,-0.333179,2.879600,0.330382,0.115112
117.280000,-0.330688,2.884551,0.332840,0.118717
117.300000,-0.328166,2.889122,0.335339,0.123109
117.320000,-0.325613,2.894378,0.337597,0.121499
117.340000,-0.323029,2.900171,0.339944,0.135703
117.360000,-0.320415,2.907616,0.342311,0.134546
117.380000,-0.317771,2.913160,0.344496,0.132063
117.400000,-0.315097,2.918906,0.346659,0.135798
117.420000,-0.312393,2.925354,0.348694,0.133562
117.440000,-0.309660,2.931042,0.350718,0.126643
117.460000,-0.306898,2.934913,0.352530,0.126904
117.480000,-0.304107,2.941659,0.354434,0.119327
117.500000,-0.301287,2.946783,0.356190,0.119852
117.520000,-0.298440,2.952142,0.357880,0.119169
117.540000,-0.295564,2.960021,0.359615,0.131345
117.560000,-0.292661,2.966131,0.361193,0.133645
117.580000,-0.289730,2.970203,0.362616,0.128156
117.600000,-0.286772,2.975621,0.364025,0.142230
117.620000,-0.283788,2.982196,0.365402,0.141945
117.640000,-0.280776,2.987087,0.366651,0.149862
117.660000,-0.277739,2.990987,0.367815,0.146800
117.680000,-0.274676,2.995488,0.368892,0.150875
117.700000,-0.271588,3.000208,0.369908,0.153516
117.720000,-0.268474,3.003961,0.370851,0.163297
117.740000,-0.265335,3.009005,0.371734,0.178870
117.760000,-0.262171,3.017977,0.372602,0.177657
117.780000,-0.258983,3.021434,0.373327,0.171613
117.800000,-0.255772,3.025663,0.373976,0.160061
117.820000,-0.252536,3.033280,0.374607,0.168971
117.840000,-0.249277,3.038926,0.375147,0.159675
117.860000,-0.245995,3.044757,0.375605,0.156341
117.880000,-0.242691,3.048249,0.375960,0.157063
117.900000,-0.239364,3.052909,0.376265,0.156154
117.920000,-0.236015,3.059603,0.376501,0.152936
117.940000,-0.232644,3.064563,0.376655,0.138920
117.960000,-0.229252,3.069934,0.376741,0.139189
117.980000,-0.225839,3.076937,0.376753,0.135757
118.000000,-0.222405,3.081421,0.376689,0.124326
118.020000,-0.218951,3.090264,0.376536,0.132004
118.040000,-0.215477,3.095910,0.376315,0.137972
118.060000,-0.211983,3.101947,0.376016,0.137904
118.080000,-0.208470,3.105674,0.375655,0.133808
118.100000,-0.204938,3.110524,0.375224,0.133992
118.120000,-0.201387,3.114535,0.374720,0.134882
118.140000,-0.197818,3.120773,0.374125,0.122670
118.160000,-0.194231,3.128596,0.373441,0.107514
118.180000,-0.190627,3.133292,0.372681,0.112686
118.200000,-0.187006,3.136001,0.371931,0.107086
118.220000,-0.183367,3.144167,0.370974,0.102798
118.240000,-0.179713,3.150081,0.370028,0.105449
118.260000,-0.176042,3.154364,0.368981,0.105119
118.280000,-0.172355,3.159215,0.367906,0.100850
118.300000,-0.168654,3.166280,0.366683,0.100665
118.320000,-0.164937,3.172142,0.365411,0.086845
118.340000,-0.161205,3.175829,0.364145,0.087845
118.360000,-0.157460,3.180642,0.362721,0.093917
118.380000,-0.153700,3.188015,0.361199,0.097630
118.400000,-0.149927,3.193986,0.359674,0.104881
118.420000,-0.146141,3.201741,0.357917,0.104666
118.440000,-0.142343,3.206190,0.356256,0.108527
118.460000,-0.138532,3.211646,0.354474,0.099151
118.480000,-0.134709,3.213495,0.352808,0.101407
118.500000,-0.130874,3.216586,0.351033,0.111628
118.520000,-0.127028,3.223447,0.349048,0.114187
118.540000,-0.123171,3.227342,0.347102,0.116396
118.560000,-0.119304,3.230611,0.345121,0.123935
118.580000,-0.115427,3.238042,0.342893,0.124018
118.600000,-0.111541,3.241804,0.340776,0.120033
118.620000,-0.107645,3.247885,0.338466,0.117335
118.640000,-0.103740,3.253277,0.336145,0.124672
118.660000,-0.099827,3.260348,0.333658,0.116933
118.680000,-0.095905,3.264531,0.331235,0.120590
118.700000,-0.091976,3.268816,0.328785,0.112305
118.720000,-0.088040,3.275155,0.326151,0.118607
118.740000,-0.084096,3.281310,0.323464,0.123911
118.760000,-0.080147,3.286870,0.320684,0.125175
118.780000,-0.076191,3.293280,0.317830,0.124820
118.800000,-0.072229,3.299032,0.314931,0.109916
118.820000,-0.068262,3.307974,0.311636,0.115488
118.840000,-0.064290,3.312631,0.308748,0.102152
118.860000,-0.060314,3.316860,0.305748,0.099135
118.880000,-0.056333,3.324508,0.302453,0.098914
118.900000,-0.052349,3.332951,0.298973,0.096121
118.920000,-0.048361,3.336866,0.295772,0.083922
118.940000,-0.044371,3.342339,0.292433,0.086737
118.960000,-0.040377,3.344970,0.289287,0.062910
118.980000,-0.036382,3.350054,0.285793,0.056689
119.000000,-0.032385,3.357327,0.282279,0.040238
119.020000,-0.028387,3.362948,0.278615,0.027900
119.040000,-0.024387,3.366777,0.275108,0.015145
119.060000,-0.020388,3.373455,0.271357,0.017854
119.080000,-0.016388,3.379965,0.267642,0.018429
119.100000,-0.012388,3.385454,0.263709,0.020421
119.120000,-0.008389,3.388925,0.260051,0.010668
119.140000,-0.004391,3.394521,0.256107,0.018810
119.160000,-0.000394,3.401225,0.252044,0.028243
119.180000,0.003600,3.406746,0.248027,0.012757
119.200000,0.007593,3.409539,0.244254,0.018460
119.220000,0.011583,3.417278,0.239943,0.017866
119.240000,0.015569,3.422657,0.235793,0.031168
119.260000,0.019553,3.427014,0.231620,0.014986
119.280000,0.023532,3.433307,0.227305,0.003773
119.300000,0.027507,3.437783,0.223151,0.018448
119.320000,0.031478,3.442696,0.218988,0.009187
119.340000,0.035443,3.448091,0.214597,0.033135
119.360000,0.039403,3.455528,0.209940,0.027947
119.380000,0.043357,3.459317,0.205610,0.008263
119.400000,0.047305,3.465639,0.201070,-0.008347
119.420000,0.051247,3.473172,0.196292,0.016547
119.440000,0.055181,3.477083,0.191854,0.019086
119.460000,0.059108,3.484143,0.187017,0.019039
119.480000,0.063027,3.490332,0.182231,0.014001
119.500000,0.066938,3.497087,0.177297,0.009503
119.520000,0.070840,3.501467,0.172626,-0.001837
119.540000,0.074734,3.505992,0.167963,0.005163
119.560000,0.078617,3.509330,0.163327,-0.014769
119.580000,0.082492,3.514752,0.158504,-0.013034
119.600000,0.086356,3.519269,0.153820,0.004398
119.620000,0.090209,3.526277,0.148683,0.002237
119.640000,0.094052,3.529127,0.144001,0.014309
119.660000,0.097883,3.534528,0.139147,0.016490
119.680000,0.101703,3.540207,0.134051,0.012959
119.700000,0.105510,3.545337,0.129098,0.013985
119.720000,0.109305,3.550943,0.124045,0.014736
119.740000,0.113088,3.556597,0.119053,0.004688
119.760000,0.116857,3.561627,0.113903,0.013190
119.780000,0.120612,3.566469,0.108911,0.007090
119.800000,0.124354,3.572160,0.103762,-0.010253
119.820000,0.128081,3.580483,0.097991,-0.012563
119.840000,0.131793,3.584174,0.093226,-0.005525
119.860000,0.135491,3.589834,0.087967,-0.024674
119.880000,0.139173,3.596800,0.082510,-0.029642
119.900000,0.142839,3.602712,0.077187,-0.026390
119.920000,0.146489,3.607863,0.071900,-0.022171
119.940000,0.150122,3.613212,0.066545,-0.023714
119.960000,0.153739,3.618100,0.061288,-0.042120
119.980000,0.157338,3.623919,0.055962,-0.065592
120.000000,0.160920,3.630069,0.050449,-0.087242
120.020000,0.164483,3.635808,0.044990,-0.081066
120.040000,0.168029,3.641156,0.039592,-0.100219
120.060000,0.171555,3.645964,0.034303,-0.103203
120.080000,0.175063,3.652350,0.028577,-0.127919
120.100000,0.178551,3.658924,0.023223,-0.140831
120.120000,0.182019,3.664291,0.017707,-0.157519
120.140000,0.185467,3.669713,0.012181,-0.164487
120.160000,0.188895,3.673485,0.006953,-0.174072
120.180000,0.192302,3.677042,0.001618,-0.191266
120.200000,0.195688,3.682420,-0.003728,-0.196447
120.220000,0.199053,3.690119,-0.009352,-0.222047
120.240000,0.202395,3.695316,-0.014951,-0.219061
120.260000,0.205716,3.700578,-0.020228,-0.214568
120.280000,0.209014,3.707352,-0.025914,-0.220290
120.300000,0.212289,3.710613,-0.031042,-0.243028
120.320000,0.215541,3.715572,-0.036427,-0.289311
120.340000,0.218770,3.720191,-0.041741,-0.290305
120.360000,0.221975,3.724119,-0.046883,-0.287476
120.380000,0.225156,3.731257,-0.052485,-0.282450
120.400000,0.228312,3.736052,-0.057884,-0.295333
120.420000,0.231444,3.745422,-0.064113,-0.309937
120.440000,0.234550,3.749279,-0.068917,-0.321078
120.460000,0.237632,3.752130,-0.074110,-0.326527
120.480000,0.240687,3.758553,-0.079512,-0.327915
120.500000,0.243717,3.762314,-0.084758,-0.325083
120.520000,0.246720,3.768204,-0.090157,-0.348345
120.540000,0.249697,3.773036,-0.095402,-0.389636
120.560000,0.252647,3.778207,-0.100659,-0.398541
120.580000,0.255570,3.784730,-0.106202,-0.389309
120.600000,0.258465,3.788768,-0.111166,-0.403842
120.620000,0.261333,3.797542,-0.116923,-0.412478
120.640000,0.264172,3.803279,-0.122225,-0.395513
120.660000,0.266984,3.806698,-0.127299,-0.384382
120.680000,0.269766,3.813900,-0.132693,-0.388033
120.700000,0.272520,3.817689,-0.137784,-0.392785
120.720000,0.275245,3.823356,-0.142995,-0.379259
120.740000,0.277940,3.826737,-0.147848,-0.376884
120.760000,0.280605,3.833454,-0.152973,-0.366326
120.780000,0.283241,3.837802,-0.158019,-0.362553
120.800000,0.285846,3.846314,-0.163306,-0.351878
120.820000,0.288421,3.849287,-0.168281,-0.354865
120.840000,0.290965,3.854590,-0.173319,-0.384194
120.860000,0.293478,3.859343,-0.178286,-0.414572
120.880000,0.295960,3.864815,-0.183048,-0.403446
120.900000,0.298411,3.870923,-0.188221,-0.409315
120.920000,0.300829,3.877662,-0.193426,-0.406098
120.940000,0.303216,3.881811,-0.198068,-0.407592
120.960000,0.305570,3.887021,-0.203011,-0.413216
120.980000,0.307892,3.894236,-0.207967,-0.440220
121.000000,0.310182,3.899061,-0.212626,-0.422192
121.020000,0.312438,3.905870,-0.217574,-0.410069
121.040000,0.314661,3.908894,-0.222030,-0.403848
121.060000,0.316851,3.917159,-0.227009,-0.401008
121.080000,0.319008,3.924063,-0.231891,-0.414680
121.100000,0.321130,3.930069,-0.236629,-0.411081
121.120000,0.323219,3.937497,-0.241539,-0.434677
121.140000,0.325273,3.943366,-0.246166,-0.445257
121.160000,0.327293,3.945184,-0.250301,-0.452430
121.180000,0.329278,3.953113,-0.255060,-0.455328
121.200000,0.331228,3.956399,-0.259306,-0.430262
121.220000,0.333144,3.962004,-0.263709,-0.460942
121.240000,0.335024,3.967420,-0.268041,-0.481932
121.260000,0.336869,3.973449,-0.272367,-0.495174
121.280000,0.338678,3.978624,-0.276651,-0.463197
121.300000,0.340451,3.984131,-0.280881,-0.475660
121.320000,0.342189,3.991433,-0.285245,-0.476597
121.340000,0.343890,3.995618,-0.289285,-0.475221
121.360000,0.345555,4.000631,-0.293221,-0.485940
121.380000,0.347184,4.006711,-0.297322,-0.502004
121.400000,0.348776,4.012292,-0.301397,-0.528167
121.420000,0.350331,4.018758,-0.305366,-0.524868
121.440000,0.351850,4.023419,-0.309308,-0.533914
121.460000,0.353331,4.029095,-0.312999,-0.531191
121.480000,0.354775,4.032943,-0.316564,-0.539390
121.500000,0.356181,4.037624,-0.320334,-0.552832
121.520000,0.357551,4.041650,-0.323688,-0.550354
121.540000,0.358882,4.046027,-0.327146,-0.568807
121.560000,0.360176,4.053571,-0.330722,-0.583240
121.580000,0.361432,4.056917,-0.334039,-0.569796
121.600000,0.362649,4.062968,-0.337474,-0.572496
121.620000,0.363829,4.070635,-0.341015,-0.594229
121.640000,0.364970,4.075759,-0.344344,-0.588967
121.660000,0.366073,4.083109,-0.347693,-0.580800
121.680000,0.367137,4.088972,-0.350978,-0.587826
121.700000,0.368163,4.093633,-0.353954,-0.596482
121.720000,0.369150,4.097676,-0.356916,-0.610306
121.740000,0.370099,4.101245,-0.359706,-0.603152
121.760000,0.371008,4.106822,-0.362611,-0.624040
121.780000,0.371878,4.112208,-0.365416,-0.624180
121.800000,0.372710,4.118463,-0.368236,-0.633976
121.820000,0.373502,4.122999,-0.370959,-0.641583
121.840000,0.374254,4.128858,-0.373663,-0.653364
121.860000,0.374968,4.132839,-0.376131,-0.641604
121.880000,0.375642,4.139088,-0.378682,-0.650114
121.900000,0.376277,4.144442,-0.381128,-0.639881
121.920000,0.376872,4.148746,-0.383443,-0.629464
121.940000,0.377428,4.156059,-0.385836,-0.620034
121.960000,0.377944,4.162425,-0.388184,-0.623572
121.980000,0.378420,4.168749,-0.390472,-0.625959
122.000000,0.378856,4.173860,-0.392553,-0.634542
122.020000,0.379253,4.179490,-0.394603,-0.642189
122.040000,0.379610,4.183853,-0.396561,-0.642290
122.060000,0.379927,4.189367,-0.398476,-0.632494
122.080000,0.380204,4.194455,-0.400315,-0.642367
122.100000,0.380441,4.199359,-0.402090,-0.663812
122.120000,0.380639,4.202778,-0.403681,-0.651176
122.140000,0.380796,4.208683,-0.405331,-0.647563
122.160000,0.380913,4.213381,-0.406884,-0.663819
122.180000,0.380991,4.218682,-0.408350,-0.660923
122.200000,0.381028,4.225673,-0.409792,-0.663439
122.220000,0.381025,4.230788,-0.411167,-0.673907
122.240000,0.380983,4.236465,-0.412463,-0.681570
122.260000,0.380900,4.242412,-0.413694,-0.699450
122.280000,0.380778,4.247440,-0.414815,-0.688102
122.300000,0.380615,4.255238,-0.415971,-0.677519
122.320000,0.380413,4.259795,-0.416934,-0.672395
122.340000,0.380170,4.266185,-0.417898,-0.684494
122.360000,0.379888,4.272152,-0.418742,-0.676900
122.380000,0.379565,4.277775,-0.419530,-0.683911
122.400000,0.379203,4.283603,-0.420223,-0.691610
122.420000,0.378801,4.289465,-0.420899,-0.683630
122.440000,0.378360,4.293239,-0.421412,-0.674773
122.460000,0.377878,4.297806,-0.421881,-0.679672
122.480000,0.377357,4.302398,-0.422283,-0.674361
122.500000,0.376796,4.307685,-0.422623,-0.681333
122.520000,0.376196,4.312504,-0.422875,-0.676449
122.540000,0.375556,4.318077,-0.423067,-0.662018
122.560000,0.374877,4.323059,-0.423182,-0.648854
122.580000,0.374158,4.329525,-0.423227,-0.645382
122.600000,0.373400,4.335469,-0.423195,-0.643818
122.620000,0.372603,4.342379,-0.423083,-0.622527
122.640000,0.371766,4.347961,-0.422901,-0.629029
122.660000,0.370891,4.360476,-0.422591,-0.632338
122.680000,0.369977,4.365082,-0.422241,-0.632414
122.700000,0.369023,4.371141,-0.421794,-0.646204
122.720000,0.368031,4.377200,-0.421298,-0.644668
122.740000,0.367000,4.382834,-0.420691,-0.641879
122.760000,0.365931,4.385993,-0.420068,-0.628273
122.780000,0.364823,4.390677,-0.419348,-0.648469
122.800000,0.363677,4.394234,-0.418614,-0.657824
122.820000,0.362492,4.403072,-0.417642,-0.678143
122.840000,0.361269,4.407049,-0.416713,-0.629779
122.860000,0.360008,4.414197,-0.415635,-0.633767
122.880000,0.358710,4.418091,-0.414565,-0.637653
122.900000,0.357373,4.423838,-0.413354,-0.621414
122.920000,0.355999,4.430953,-0.412095,-0.631328
122.940000,0.354588,4.435943,-0.410745,-0.627467
122.960000,0.353139,4.440890,-0.409385,-0.671407
122.980000,0.351653,4.447595,-0.407793,-0.690232
123.000000,0.350130,4.452812,-0.406287,-0.691070
123.020000,0.348570,4.455934,-0.404746,-0.711749
123.040000,0.346973,4.459625,-0.403099,-0.702985
123.060000,0.345339,4.467153,-0.401282,-0.683430
123.080000,0.343669,4.471066,-0.399507,-0.702424
123.100000,0.341963,4.476007,-0.397676,-0.691863
123.120000,0.340221,4.482673,-0.395627,-0.701805
123.140000,0.338443,4.487180,-0.393611,-0.715259
123.160000,0.336629,4.492922,-0.391534,-0.675459
123.180000,0.334780,4.499197,-0.389313,-0.693847
123.200000,0.332895,4.504560,-0.387090,-0.749310
123.220000,0.330975,4.510757,-0.384731,-0.737397
123.240000,0.329020,4.516267,-0.382236,-0.724944
123.260000,0.327030,4.521214,-0.379928,-0.732343
123.280000,0.325006,4.525002,-0.377482,-0.693030
123.300000,0.322947,4.529824,-0.374960,-0.640912
123.320000,0.320854,4.534179,-0.372393,-0.670097
123.340000,0.318727,4.538782,-0.369762,-0.633556
123.360000,0.316566,4.543524,-0.367082,-0.605211
123.380000,0.314372,4.549286,-0.364291,-0.589884
123.400000,0.312144,4.555605,-0.361301,-0.545077
123.420000,0.309884,4.562024,-0.358325,-0.547160
123.440000,0.307590,4.567214,-0.355381,-0.542643
123.460000,0.305264,4.572672,-0.352288,-0.541972
123.480000,0.302905,4.578725,-0.349111,-0.525809
123.500000,0.300514,4.585900,-0.345921,-0.517021
123.520000,0.298091,4.590181,-0.342568,-0.517543
123.540000,0.295637,4.596335,-0.339171,-0.560077
123.560000,0.293151,4.600954,-0.335909,-0.569714
123.580000,0.290634,4.607704,-0.332405,-0.573659
123.600000,0.288086,4.613206,-0.328819,-0.533252
123.620000,0.285507,4.620577,-0.325092,-0.514217
123.640000,0.282897,4.626285,-0.321507,-0.480137
123.660000,0.280258,4.628491,-0.317979,-0.496148
123.680000,0.277588,4.633897,-0.314424,-0.500372
123.700000,0.274889,4.637827,-0.310746,-0.479295
123.720000,0.272161,4.644463,-0.306796,-0.477542
123.740000,0.269403,4.650438,-0.302845,-0.496308
123.760000,0.266617,4.656498,-0.298854,-0.484898
123.780000,0.263802,4.662196,-0.294825,-0.508368
123.800000,0.260959,4.667995,-0.290764,-0.520179
123.820000,0.258088,4.675124,-0.286503,-0.524047
123.840000,0.255189,4.680185,-0.282361,-0.550905
123.860000,0.252262,4.687567,-0.277881,-0.533881
123.880000,0.249309,4.691441,-0.273818,-0.531924
123.900000,0.246328,4.694549,-0.269751,-0.495095
123.920000,0.243322,4.701593,-0.265292,-0.466000
123.940000,0.240289,4.705202,-0.261080,-0.432827
123.960000,0.237230,4.710837,-0.256571,-0.426608
123.980000,0.234145,4.715510,-0.252247,-0.408652
124.000000,0.231035,4.721979,-0.247625,-0.406269
124.020000,0.227900,4.729857,-0.242786,-0.388406
124.040000,0.224740,4.734579,-0.238374,-0.381255
124.060000,0.221556,4.737504,-0.233947,-0.364161
124.080000,0.218348,4.744626,-0.229079,-0.349971
124.100000,0.215117,4.751199,-0.224320,-0.331106
124.120000,0.211862,4.755212,-0.219612,-0.315528
124.140000,0.208583,4.759383,-0.215018,-0.312823
124.160000,0.205282,4.765362,-0.210226,-0.316387
124.180000,0.201959,4.769995,-0.205400,-0.313600
124.200000,0.198613,4.776133,-0.200541,-0.305376
124.220000,0.195246,4.781646,-0.195541,-0.303970
124.240000,0.191857,4.787316,-0.190647,-0.299673
124.260000,0.188448,4.790957,-0.185840,-0.292258
124.280000,0.185017,4.798566,-0.180650,-0.285061
124.300000,0.181566,4.804125,-0.175503,-0.277781
124.320000,0.178095,4.807336,-0.170712,-0.279196
124.340000,0.174604,4.813309,-0.165627,-0.274882
124.360000,0.171094,4.819011,-0.160473,-0.268958
124.380000,0.167565,4.823161,-0.155516,-0.262194
124.400000,0.164018,4.828018,-0.150539,-0.253626
124.420000,0.160452,4.835270,-0.145186,-0.238726
124.440000,0.156868,4.840265,-0.140063,-0.233599
124.460000,0.153266,4.845660,-0.134744,-0.233084
124.480000,0.149647,4.851566,-0.129481,-0.229749
124.500000,0.146012,4.857317,-0.124214,-0.224092
124.520000,0.142360,4.861369,-0.119163,-0.215731
124.540000,0.138691,4.865661,-0.113949,-0.204921
124.560000,0.135007,4.872846,-0.108450,-0.195183
124.580000,0.131308,4.878570,-0.103065,-0.181233
124.600000,0.127594,4.885270,-0.097771,-0.174744
124.620000,0.123864,4.890514,-0.092270,-0.166347
124.640000,0.120121,4.896511,-0.086776,-0.173563
124.660000,0.116364,4.902726,-0.081323,-0.165700
124.680000,0.112593,4.906269,-0.076166,-0.158208
124.700000,0.108809,4.911685,-0.070751,-0.145379
124.720000,0.105012,4.914958,-0.065590,-0.151660
124.740000,0.101203,4.921011,-0.060172,-0.145764
124.760000,0.097382,4.925291,-0.054899,-0.135822
124.780000,0.093549,4.933213,-0.049210,-0.130553
124.800000,0.089705,4.937840,-0.043843,-0.121891
124.820000,0.085850,4.945599,-0.038144,-0.107998
124.840000,0.081985,4.949791,-0.032813,-0.099709
124.860000,0.078109,4.953943,-0.027429,-0.097733
124.880000,0.074224,4.960836,-0.021840,-0.093627
124.900000,0.070330,4.964774,-0.016634,-0.087818
124.920000,0.066426,4.970984,-0.011159,-0.078855
124.940000,0.062514,4.976300,-0.005762,-0.073878
124.960000,0.058594,4.981205,-0.000406,-0.053408
124.980000,0.054666,4.986769,0.005048,-0.038271
125.000000,0.050731,4.991683,0.010372,-0.038907
125.020000,0.046789,4.999291,0.016097,-0.032048
125.040000,0.042840,5.003287,0.021278,-0.018897
125.060000,0.038885,5.008342,0.026648,-0.013276
125.080000,0.034924,5.012493,0.031816,-0.009598
125.100000,0.030958,5.017604,0.037088,-0.000474
125.120000,0.026987,5.022016,0.042339,0.013262
125.140000,0.023011,5.027851,0.047680,0.024091
125.160000,0.019031,5.035732,0.053377,0.028143
125.180000,0.015047,5.040463,0.058374,0.023170
125.200000,0.011060,5.045455,0.063826,0.024964
125.220000,0.007070,5.052894,0.069298,0.031811
125.240000,0.003077,5.057142,0.074414,0.030312
125.260000,-0.000918,5.062084,0.079722,0.040225
125.280000,-0.004914,5.067554,0.084771,0.065235
125.300000,-0.008913,5.072847,0.090191,0.075826
125.320000,-0.012912,5.077533,0.095197,0.074132
125.340000,-0.016912,5.081988,0.100179,0.080117
125.360000,-0.020912,5.086405,0.105186,0.096067
125.380000,-0.024911,5.093084,0.110308,0.096842
125.400000,-0.028911,5.097990,0.115407,0.089960
125.420000,-0.032909,5.104965,0.120756,0.090287
125.440000,-0.036906,5.111069,0.125757,0.110175
125.460000,-0.040901,5.115704,0.130706,0.112533
125.480000,-0.044893,5.121583,0.135752,0.102919
125.500000,-0.048884,5.126889,0.140643,0.102169
125.520000,-0.052871,5.131254,0.145462,0.111854
125.540000,-0.056855,5.135226,0.150187,0.127388
125.560000,-0.060835,5.140932,0.154938,0.134813
125.580000,-0.064811,5.145002,0.159615,0.134711
125.600000,-0.068782,5.149949,0.164323,0.145718
125.620000,-0.072748,5.155422,0.168942,0.149509
125.640000,-0.076709,5.161253,0.173737,0.144615
125.660000,-0.080664,5.166092,0.178364,0.152403
125.680000,-0.084613,5.175396,0.183454,0.154284
125.700000,-0.088556,5.180745,0.187975,0.161671
125.720000,-0.092491,5.187761,0.192853,0.157392
125.740000,-0.096419,5.192257,0.197312,0.152447
125.760000,-0.100340,5.198409,0.201899,0.170300
125.780000,-0.104252,5.203864,0.206335,0.163600
125.800000,-0.108155,5.206731,0.210504,0.163843
125.820000,-0.112050,5.215821,0.215418,0.165920
125.840000,-0.115936,5.219844,0.219483,0.175948
125.860000,-0.119812,5.226125,0.223901,0.202684
125.880000,-0.123677,5.231212,0.228122,0.216528
125.900000,-0.127532,5.236553,0.232316,0.238522
125.920000,-0.131377,5.241084,0.236427,0.244181
125.940000,-0.135210,5.246534,0.240510,0.243283
125.960000,-0.139031,5.251386,0.244627,0.233920
125.980000,-0.142841,5.255411,0.248426,0.225581
126.000000,-0.146638,5.259768,0.252196,0.237758
126.020000,-0.150422,5.266589,0.256199,0.238270
126.040000,-0.154194,5.272172,0.260039,0.232892
126.060000,-0.157951,5.276529,0.263884,0.244637
126.080000,-0.161695,5.282299,0.267445,0.250388
126.100000,-0.165424,5.289926,0.271481,0.249827
126.120000,-0.169139,5.296317,0.275085,0.251177
126.140000,-0.172839,5.299591,0.278549,0.244671
126.160000,-0.176524,5.305533,0.282084,0.236515
126.180000,-0.180192,5.312885,0.285725,0.250348
126.200000,-0.183845,5.317736,0.289131,0.257015
126.220000,-0.187481,5.328259,0.292976,0.244358
126.240000,-0.191100,5.332487,0.296222,0.246306
126.260000,-0.194702,5.337031,0.299427,0.248912
126.280000,-0.198287,5.341127,0.302491,0.255263
126.300000,-0.201853,5.347866,0.305808,0.257111
126.320000,-0.205401,5.353504,0.308823,0.253756
126.340000,-0.208931,5.356450,0.311685,0.251920
126.360000,-0.212442,5.362916,0.314679,0.252846
126.380000,-0.215933,5.365866,0.317393,0.262861
126.400000,-0.219404,5.371012,0.320225,0.270668
126.420000,-0.222856,5.377650,0.323047,0.289052
126.440000,-0.226287,5.383006,0.325726,0.292899
126.460000,-0.229697,5.387466,0.328337,0.303638
126.480000,-0.233087,5.395156,0.331068,0.303201
126.500000,-0.236455,5.401404,0.333560,0.300740
126.520000,-0.239801,5.407255,0.335994,0.302934
126.540000,-0.243125,5.410633,0.338266,0.319141
126.560000,-0.246426,5.416547,0.340587,0.314730
126.580000,-0.249705,5.420493,0.342728,0.301864
126.600000,-0.252961,5.426351,0.344900,0.302245
126.620000,-0.256194,5.430810,0.346958,0.314890
126.640000,-0.259402,5.439124,0.349112,0.330691
126.660000,-0.262587,5.443104,0.351002,0.343216
126.680000,-0.265747,5.450288,0.352963,0.340080
126.700000,-0.268883,5.455841,0.354815,0.349206
126.720000,-0.271993,5.459271,0.356452,0.363725
126.740000,-0.275079,5.464518,0.358143,0.366888
126.760000,-0.278139,5.469765,0.359731,0.356217
126.780000,-0.281172,5.474698,0.361240,0.357173
126.800000,-0.284180,5.478805,0.362645,0.362226
126.820000,-0.287161,5.486764,0.364113,0.359161
126.840000,-0.290115,5.493388,0.365478,0.363737
126.860000,-0.293042,5.498919,0.366733,0.343703
126.880000,-0.295942,5.502623,0.367881,0.351898
126.900000,-0.298814,5.506480,0.368925,0.353768
126.920000,-0.301658,5.514338,0.370024,0.353844
126.940000,-0.304474,5.520968,0.371033,0.356348
126.960000,-0.307261,5.527438,0.371919,0.368979
126.980000,-0.310020,5.532005,0.372710,0.370384
127.000000,-0.312749,5.537812,0.373459,0.367010
127.020000,-0.315449,5.543663,0.374141,0.363760
127.040000,-0.318119,5.548636,0.374731,0.365775
127.060000,-0.320759,5.553145,0.375225,0.373455
127.080000,-0.323370,5.560494,0.375659,0.381295
127.100000,-0.325949,5.564212,0.376026,0.370769
127.120000,-0.328498,5.568836,0.376309,0.373206
127.140000,-0.331016,5.573892,0.376528,0.373937
127.160000,-0.333503,5.578679,0.376672,0.367884
127.180000,-0.335959,5.583394,0.376741,0.369770
127.200000,-0.338382,5.588375,0.376742,0.375550
127.220000,-0.340774,5.595711,0.376665,0.388903
127.240000,-0.343134,5.600731,0.376517,0.387325
127.260000,-0.345461,5.606487,0.376291,0.391648
127.280000,-0.347755,5.610777,0.376010,0.399872
127.300000,-0.350017,5.615309,0.375638,0.404241
127.320000,-0.352246,5.621671,0.375197,0.390080
127.340000,-0.354441,5.627902,0.374674,0.387342
127.360000,-0.356603,5.632340,0.374087,0.383906
127.380000,-0.358730,5.639648,0.373397,0.391010
127.400000,-0.360824,5.644780,0.372671,0.394035
127.420000,-0.362884,5.650715,0.371839,0.399899
127.440000,-0.364910,5.654585,0.370993,0.398681
127.460000,-0.366900,5.658931,0.370072,0.388989
127.480000,-0.368856,5.662742,0.369084,0.391111
127.500000,-0.370777,5.670479,0.367973,0.385020
127.520000,-0.372663,5.675378,0.366791,0.390606
127.540000,-0.374513,5.680264,0.365576,0.376026
127.560000,-0.376328,5.686756,0.364244,0.358816
127.580000,-0.378108,5.691528,0.362896,0.367029
127.600000,-0.379851,5.699031,0.361406,0.369421
127.620000,-0.381558,5.706492,0.359723,0.347491
127.640000,-0.383229,5.712848,0.358083,0.341390
127.660000,-0.384863,5.716617,0.356448,0.341353
127.680000,-0.386461,5.723735,0.354615,0.346689
127.700000,-0.388022,5.728985,0.352763,0.353471
127.720000,-0.389546,5.733192,0.350946,0.341745
127.740000,-0.391034,5.736681,0.349044,0.338996
127.760000,-0.392484,5.742151,0.347055,0.344108
127.780000,-0.393896,5.747199,0.345000,0.344063
127.800000,-0.395271,5.752467,0.342812,0.340337
127.820000,-0.396609,5.762005,0.340375,0.345463
127.840000,-0.397908,5.767105,0.338068,0.343905
127.860000,-0.399170,5.771784,0.335711,0.345235
127.880000,-0.400394,5.776815,0.333313,0.341773
127.900000,-0.401580,5.782134,0.330817,0.323191
127.920000,-0.402727,5.788647,0.328166,0.313597
127.940000,-0.403836,5.793085,0.325585,0.319482
127.960000,-0.404907,5.798253,0.322912,0.297736
127.980000,-0.405939,5.803486,0.320170,0.284925
128.000000,-0.406932,5.811083,0.317132,0.278760
128.020000,-0.407886,5.818583,0.314079,0.270398
128.040000,-0.408802,5.823406,0.311141,0.273813
128.060000,-0.409678,5.827760,0.308175,0.264935
128.080000,-0.410516,5.832765,0.305106,0.266135
128.100000,-0.411314,5.838510,0.301876,0.257824
128.120000,-0.412073,5.844418,0.298651,0.265167
128.140000,-0.412793,5.850650,0.295248,0.260000
128.160000,-0.413474,5.859755,0.291566,0.254586
128.180000,-0.414115,5.864608,0.288108,0.245955
128.200000,-0.414716,5.870371,0.284549,0.240576
128.220000,-0.415278,5.876591,0.280945,0.240171
128.240000,-0.415800,5.881505,0.277369,0.232130
128.260000,-0.416283,5.886060,0.273792,0.235160
128.280000,-0.416726,5.891899,0.269966,0.236202
128.300000,-0.417129,5.898008,0.266139,0.240875
128.320000,-0.417492,5.902717,0.262285,0.236179
128.340000,-0.417815,5.906091,0.258641,0.228247
128.360000,-0.418099,5.914340,0.254512,0.222393
128.380000,-0.418342,5.918622,0.250296,0.219022
128.400000,-0.418546,5.922562,0.246635,0.220681
128.420000,-0.418710,5.928662,0.242483,0.216681
128.440000,-0.418834,5.932890,0.238449,0.209833
128.460000,-0.418917,5.937424,0.234365,0.212551
128.480000,-0.418961,5.942021,0.230268,0.194565
128.500000,-0.418965,5.947047,0.226054,0.191367
128.520000,-0.418929,5.954074,0.221527,0.190927
128.540000,-0.418852,5.961145,0.217034,0.167048
128.560000,-0.418736,5.965175,0.212816,0.175326
128.580000,-0.418580,5.969489,0.208424,0.183064
128.600000,-0.418384,5.973834,0.204167,0.163958
128.620000,-0.418148,5.982455,0.199249,0.156862
128.640000,-0.417872,5.986749,0.194792,0.140922
128.660000,-0.417556,5.994447,0.189944,0.134440
128.680000,-0.417200,5.999327,0.185304,0.113898
128.700000,-0.416804,6.003603,0.180834,0.101922
128.720000,-0.416369,6.007946,0.176153,0.080799
128.740000,-0.415894,6.015206,0.171108,0.079432
128.760000,-0.415379,6.020798,0.166076,0.090682
128.780000,-0.414824,6.027641,0.161189,0.089071
128.800000,-0.414230,6.032178,0.156475,0.093724
128.820000,-0.413597,6.038694,0.151211,0.089704
128.840000,-0.412924,6.044550,0.146396,0.092764
128.860000,-0.412211,6.051323,0.141283,0.086715
128.880000,-0.411460,6.055918,0.136221,0.068217
128.900000,-0.410669,6.060780,0.131242,0.050241
128.920000,-0.409839,6.065969,0.126171,0.041262
128.940000,-0.408969,6.070824,0.121177,0.038481
128.960000,-0.408061,6.075550,0.116106,0.018583
128.980000,-0.407114,6.080114,0.111110,0.008731
129.000000,-0.406128,6.085519,0.105912,0.006090
129.020000,-0.405103,6.090317,0.100789,-0.004580
129.040000,-0.404040,6.097319,0.095374,0.005206
129.060000,-0.402938,6.102405,0.090101,0.000357
129.080000,-0.401798,6.108509,0.084886,-0.006861
129.100000,-0.400619,6.115344,0.079347,-0.015995
129.120000,-0.399403,6.120689,0.074052,-0.020398
129.140000,-0.398148,6.125487,0.068796,0.005521
129.160000,-0.396855,6.130581,0.063467,0.009357
129.180000,-0.395525,6.134541,0.058370,0.020031
129.200000,-0.394157,6.139702,0.052996,0.026257
129.220000,-0.392751,6.145941,0.047545,0.009558
129.240000,-0.391308,6.150133,0.042345,0.011451
129.260000,-0.389828,6.157084,0.036945,-0.004610
129.280000,-0.388311,6.159951,0.031669,-0.019795
129.300000,-0.386757,6.164290,0.026444,-0.036648
129.320000,-0.385166,6.170589,0.020895,-0.048827
129.340000,-0.383538,6.177376,0.015466,-0.051728
129.360000,-0.381874,6.182612,0.009951,-0.066712
129.380000,-0.380174,6.186146,0.004759,-0.072605
129.400000,-0.378437,6.193218,-0.000736,-0.071884
129.420000,-0.376665,6.199713,-0.006389,-0.094218
129.440000,-0.374857,6.207567,-0.012195,-0.116384
129.460000,-0.373013,6.212422,-0.017598,-0.109146
129.480000,-0.371134,6.217626,-0.023141,-0.108025
129.500000,-0.369219,6.223541,-0.028666,-0.101819
129.520000,-0.367270,6.230887,-0.034380,-0.121581
129.540000,-0.365286,6.235719,-0.039704,-0.119333
129.560000,-0.363267,6.240086,-0.045186,-0.120687
129.580000,-0.361213,6.246890,-0.050830,-0.106818
129.600000,-0.359126,6.251733,-0.056169,-0.095250
129.620000,-0.357004,6.259930,-0.062190,-0.090314
129.640000,-0.354849,6.264061,-0.067369,-0.086529
129.660000,-0.352660,6.268056,-0.072730,-0.074410
129.680000,-0.350438,6.275472,-0.078489,-0.077702
129.700000,-0.348182,6.280733,-0.083951,-0.084236
129.720000,-0.345894,6.287750,-0.089740,-0.096925
129.740000,-0.343573,6.292519,-0.095012,-0.099732
129.760000,-0.341219,6.298126,-0.100482,-0.101250
129.780000,-0.338833,6.304862,-0.106002,-0.095856
129.800000,-0.336416,6.307588,-0.111056,-0.109771
129.820000,-0.333966,6.313554,-0.116550,-0.114548
129.840000,-0.331485,6.319964,-0.121929,-0.125901
129.860000,-0.328973,6.325597,-0.127366,-0.135318
129.880000,-0.326430,6.329595,-0.132509,-0.141847
129.900000,-0.323856,6.335270,-0.137768,-0.142536
129.920000,-0.321251,6.338727,-0.142873,-0.159879
129.940000,-0.318616,6.344374,-0.148053,-0.164294
129.960000,-0.315952,6.350150,-0.153269,-0.171210
129.980000,-0.313257,6.356161,-0.158534,-0.174920
130.000000,-0.310534,6.362492,-0.163847,-0.172781
130.020000,-0.307781,6.368655,-0.169008,-0.175464
130.040000,-0.304999,6.372762,-0.173963,-0.178624
130.060000,-0.302188,6.378540,-0.179054,-0.178892
130.080000,-0.299350,6.381470,-0.183801,-0.170920
130.100000,-0.296483,6.389169,-0.189058,-0.176276
130.120000,-0.293588,6.393904,-0.193959,-0.178973
130.140000,-0.290666,6.401320,-0.199220,-0.189049
130.160000,-0.287717,6.407801,-0.204241,-0.204512
130.180000,-0.284741,6.412164,-0.208992,-0.217562
130.200000,-0.281738,6.417457,-0.213834,-0.223708
130.220000,-0.278710,6.423206,-0.218693,-0.234875
130.240000,-0.275655,6.428239,-0.223544,-0.246907
130.260000,-0.272574,6.435282,-0.228464,-0.252788
130.280000,-0.269468,6.440224,-0.232892,-0.256757
130.300000,-0.266337,6.444427,-0.237561,-0.253000
130.320000,-0.263182,6.449141,-0.242158,-0.266064
130.340000,-0.260001,6.453957,-0.246531,-0.269842
130.360000,-0.256797,6.458971,-0.251041,-0.287622
130.380000,-0.253569,6.463915,-0.255456,-0.293235
130.400000,-0.250318,6.471787,-0.260140,-0.304129
130.420000,-0.247043,6.476371,-0.264423,-0.310213
130.440000,-0.243746,6.482019,-0.268782,-0.316886
130.460000,-0.240426,6.486444,-0.273021,-0.325345
130.480000,-0.237084,6.492528,-0.277299,-0.325452
130.500000,-0.233720,6.498020,-0.281480,-0.331504
130.520000,-0.230335,6.503963,-0.285659,-0.336498
130.540000,-0.226928,6.508964,-0.289735,-0.342117
130.560000,-0.223501,6.514512,-0.293889,-0.337994
130.580000,-0.220053,6.517593,-0.297602,-0.348136
130.600000,-0.216585,6.523567,-0.301578,-0.356789
130.620000,-0.213098,6.531664,-0.305799,-0.355318
130.640000,-0.209591,6.541064,-0.310078,-0.350588
130.660000,-0.206065,6.545433,-0.313748,-0.355486
130.680000,-0.202520,6.552077,-0.317619,-0.369785
130.700000,-0.198957,6.556327,-0.321278,-0.372777
130.720000,-0.195376,6.561855,-0.324884,-0.369635
130.740000,-0.191777,6.566631,-0.328476,-0.365176
130.760000,-0.188161,6.570121,-0.331804,-0.367837
130.780000,-0.184528,6.575635,-0.335278,-0.387608
130.800000,-0.180879,6.581326,-0.338705,-0.377192
130.820000,-0.177213,6.588246,-0.342189,-0.389914
130.840000,-0.173531,6.592298,-0.345359,-0.387280
130.860000,-0.169834,6.597931,-0.348579,-0.390618
130.880000,-0.166122,6.605253,-0.351741,-0.419432
130.900000,-0.162396,6.607141,-0.354724,-0.409604
130.920000,-0.158654,6.612938,-0.357803,-0.409777
130.940000,-0.154899,6.619134,-0.360772,-0.395336
130.960000,-0.151131,6.623757,-0.363639,-0.396742
130.980000,-0.147349,6.627304,-0.366364,-0.411836
131.000000,-0.143554,6.632970,-0.369082,-0.416236
131.020000,-0.139747,6.640210,-0.371957,-0.434628
131.040000,-0.135928,6.646868,-0.374660,-0.423553
131.060000,-0.132097,6.651684,-0.377186,-0.428955
131.080000,-0.128254,6.655363,-0.379603,-0.431612
131.100000,-0.124401,6.661042,-0.382065,-0.428416
131.120000,-0.120537,6.665947,-0.384395,-0.429488
131.140000,-0.116663,6.671082,-0.386660,-0.431731
131.160000,-0.112780,6.678143,-0.388984,-0.419292
131.180000,-0.108887,6.684064,-0.391202,-0.434151
131.200000,-0.104985,6.690044,-0.393307,-0.434486
131.220000,-0.101074,6.698607,-0.395557,-0.444137
131.240000,-0.097155,6.703022,-0.397482,-0.444345
131.260000,-0.093228,6.707195,-0.399344,-0.444609
131.280000,-0.089294,6.711839,-0.401121,-0.451929
131.300000,-0.085353,6.715656,-0.402854,-0.454240
131.320000,-0.081405,6.720053,-0.404446,-0.458985
131.340000,-0.077451,6.724453,-0.406037,-0.462452
131.360000,-0.073491,6.730003,-0.407537,-0.482304
131.380000,-0.069526,6.734853,-0.408989,-0.481376
131.400000,-0.065556,6.739486,-0.410383,-0.481829
131.420000,-0.061581,6.747147,-0.411753,-0.490523
131.440000,-0.057601,6.753615,-0.413038,-0.490025
131.460000,-0.053618,6.760141,-0.414257,-0.498369
131.480000,-0.049632,6.764892,-0.415348,-0.497627
131.500000,-0.045642,6.770279,-0.416400,-0.496840
131.520000,-0.041650,6.776784,-0.417384,-0.505503
131.540000,-0.037655,6.781160,-0.418253,-0.508168
131.560000,-0.033658,6.785333,-0.419048,-0.513398
131.580000,-0.029660,6.791641,-0.419803,-0.513679
131.600000,-0.025661,6.797096,-0.420489,-0.505666
131.620000,-0.021662,6.804686,-0.421125,-0.522591
131.640000,-0.017662,6.809646,-0.421636,-0.524502
131.660000,-0.013662,6.817762,-0.422123,-0.523452
131.680000,-0.009663,6.822457,-0.422487,-0.505970
131.700000,-0.005664,6.828731,-0.422792,-0.483466
131.720000,-0.001667,6.833866,-0.423014,-0.503512
131.740000,0.002328,6.839594,-0.423161,-0.513088
131.760000,0.006321,6.843709,-0.423230,-0.515707
131.780000,0.010312,6.848820,-0.423228,-0.497873
131.800000,0.014300,6.855535,-0.423147,-0.472458
131.820000,0.018284,6.860014,-0.422996,-0.485223
131.840000,0.022265,6.863889,-0.422780,-0.464142
131.860000,0.026241,6.867054,-0.422503,-0.454213
131.880000,0.030213,6.871863,-0.422144,-0.435196
131.900000,0.034181,6.877992,-0.421705,-0.424301
131.920000,0.038142,6.884415,-0.421169,-0.445304
