time,kf_x,odom_x
1751034066.991300,0.000000,0.000000
1751034067.015575,0.000000,0.000000
1751034067.039266,0.000000,0.000000
1751034067.062328,0.000000,0.000000
1751034067.087535,0.000000,0.000000
1751034067.108840,0.000000,0.000000
1751034067.130878,0.000000,0.000000
1751034067.156834,0.000000,0.000000
1751034067.180682,0.000000,0.000000
1751034067.203485,0.000000,0.000000
1751034067.227037,0.000000,0.000000
1751034067.249308,0.000000,0.000000
1751034067.272237,0.000000,0.000000
1751034067.293401,0.000000,0.000000
1751034067.316292,0.000000,0.000000
1751034067.340150,0.000000,0.000000
1751034067.363745,0.000000,0.000000
1751034067.386883,0.000000,0.000000
1751034067.409821,0.000000,0.000000
1751034067.432324,0.000000,0.000000
1751034067.454070,0.000000,0.000000
1751034067.476207,0.000000,0.000000
1751034067.498331,0.000000,0.000000
1751034067.521951,0.000000,0.000000
1751034067.544084,0.000000,0.000000
1751034067.566566,0.000000,0.000000
1751034067.591260,0.000000,0.000000
1751034067.613808,0.000000,0.000000
1751034067.636024,0.000000,0.000000
1751034067.658510,0.000000,0.000000
1751034067.680931,0.000000,0.000000
1751034067.703063,0.000000,0.000000
1751034067.725585,0.000000,0.000000
1751034067.748003,0.000000,0.000000
1751034067.769901,0.000000,0.000000
1751034067.792035,0.000000,0.000000
1751034067.814525,0.000000,0.000000
1751034067.836371,0.000000,0.000000
1751034067.858345,0.000000,0.000000
1751034067.880494,0.000000,0.000000
1751034067.903896,0.000000,0.000000
1751034067.926647,0.000000,0.000000
1751034067.949137,0.000000,0.000000
1751034067.972011,0.000000,0.000000
1751034067.994733,0.000000,0.000000
1751034068.017060,0.000000,0.000000
1751034068.040525,0.000000,0.000000
1751034068.062965,0.000000,0.000000
1751034068.085125,0.000000,0.000000
1751034068.107081,0.000000,0.000000
1751034068.130691,0.000000,0.000000
1751034068.153957,0.000000,0.000000
1751034068.176647,0.000000,0.000000
1751034068.199782,0.000000,0.000000
1751034068.222850,0.000000,0.000000
1751034068.246918,0.000000,0.000000
1751034068.271275,0.000000,0.000000
1751034068.295541,0.000000,0.000000
1751034068.320220,0.000000,0.000000
1751034068.344110,0.000000,0.000000
1751034068.365819,0.000000,0.000000
1751034068.388729,0.000000,0.000000
1751034068.412287,0.000000,0.000000
1751034068.436535,0.000000,0.000000
1751034068.460127,0.000000,0.000000
1751034068.485038,0.000000,0.000000
1751034068.509967,0.000000,0.000000
1751034068.531854,0.000000,0.000000
1751034068.555409,0.000000,0.000000
1751034068.577263,0.000000,0.000000
1751034068.598153,0.000000,0.000000
1751034068.620552,0.000000,0.000000
1751034068.641961,0.000000,0.000000
1751034068.664100,0.000000,0.000000
1751034068.685779,0.000000,0.000000
1751034068.708559,0.000000,0.000000
1751034068.732353,0.000000,0.000000
1751034068.754774,0.000000,0.000000
1751034068.776833,0.000000,0.000000
1751034068.799053,0.000000,0.000000
1751034068.821135,0.000000,0.000000
1751034068.843410,0.000000,0.000000
1751034068.866080,0.000000,0.000000
1751034068.887888,0.000000,0.000000
1751034068.909080,0.000000,0.000000
1751034068.932961,0.000000,0.000000
1751034068.956795,0.000000,0.000000
1751034068.979193,0.000000,0.000000
1751034069.001411,0.000000,0.000000
1751034069.024400,0.000000,0.000000
1751034069.047794,0.000000,0.000000
1751034069.071011,0.000000,0.000000
1751034069.094068,0.000000,0.000000
1751034069.116613,0.000000,0.000000
1751034069.140735,0.000000,0.000000
1751034069.165436,0.000000,0.000000
1751034069.191900,0.000000,0.000000
1751034069.215212,0.000000,0.000000
1751034069.237854,0.000000,0.000000
1751034069.261046,0.000000,0.000000
1751034069.284212,0.000000,0.000000
1751034069.305672,0.000000,0.000000
1751034069.327445,0.000000,0.000000
1751034069.350233,0.000000,0.000000
1751034069.373499,0.000000,0.000000
1751034069.395656,0.000000,0.000000
1751034069.419147,0.000000,0.000000
1751034069.443472,0.000000,0.000000
1751034069.466514,0.000000,0.000000
1751034069.488438,0.000000,0.000000
1751034069.511575,0.000000,0.000000
1751034069.533742,0.000000,0.000000
1751034069.556972,0.000000,0.000000
1751034069.580884,0.000000,0.000000
1751034069.602917,0.000000,0.000000
1751034069.625687,0.000000,0.000000
1751034069.649074,0.000000,0.000000
1751034069.671747,0.000000,0.000000
1751034069.695156,0.000000,0.000085
1751034069.723466,0.000059,0.000225
1751034069.748949,0.000135,0.000470
1751034069.772472,0.000260,0.000795
1751034069.798116,0.000487,0.001198
1751034069.824502,0.000796,0.001696
1751034069.851038,0.001171,0.002290
1751034069.877476,0.001622,0.002970
1751034069.904512,0.002223,0.003735
1751034069.931767,0.002956,0.004585
1751034069.957600,0.003585,0.005530
1751034069.984566,0.004546,0.006555
1751034070.008337,0.004970,0.007661
1751034070.034146,0.005882,0.008860
1751034070.062409,0.007484,0.010150
1751034070.093891,0.010037,0.011535
1751034070.123418,0.012074,0.013015
1751034070.151039,0.013578,0.014600
1751034070.182802,0.016645,0.016260
1751034070.210906,0.018370,0.018045
1751034070.238989,0.020202,0.019920
1751034070.267537,0.022359,0.021875
1751034070.294890,0.024060,0.023935
1751034070.323714,0.026641,0.026095
1751034070.351124,0.028584,0.028340
1751034070.378120,0.030440,0.030685
1751034070.407208,0.033738,0.033115
1751034070.431779,0.034281,0.035645
1751034070.459660,0.037265,0.038248
1751034070.487098,0.040045,0.040948
1751034070.512272,0.041291,0.043745
1751034070.537783,0.043035,0.046630
1751034070.567461,0.048233,0.049590
1751034070.594898,0.051585,0.052660
1751034070.625662,0.057851,0.055810
1751034070.653779,0.061715,0.059065
1751034070.684891,0.068396,0.062410
1751034070.716174,0.075114,0.065870
1751034070.746647,0.080958,0.069430
1751034070.775749,0.085441,0.073080
1751034070.807141,0.092395,0.076840
1751034070.835017,0.095546,0.080700
1751034070.863416,0.099544,0.084650
1751034070.890615,0.102395,0.088700
1751034070.921373,0.109732,0.092830
1751034070.950168,0.114626,0.097075
1751034070.977703,0.118144,0.101420
1751034071.004816,0.121414,0.105820
1751034071.031846,0.124897,0.110220
1751034071.057636,0.127049,0.114620
1751034071.083061,0.129137,0.119020
1751034071.108615,0.131823,0.123420
1751034071.131955,0.131839,0.127820
1751034071.157698,0.135812,0.132220
1751034071.183275,0.139764,0.136620
1751034071.208885,0.143976,0.141020
1751034071.233033,0.146297,0.145420
1751034071.258204,0.150455,0.149820
1751034071.285774,0.158226,0.154220
1751034071.312304,0.164282,0.158620
1751034071.339124,0.170730,0.163020
1751034071.364036,0.174345,0.167420
1751034071.389649,0.179220,0.171820
1751034071.413995,0.182348,0.176220
1751034071.439361,0.187255,0.180620
1751034071.464973,0.192610,0.185020
1751034071.490624,0.198057,0.189420
1751034071.516934,0.204496,0.193820
1751034071.544368,0.212497,0.198220
1751034071.568144,0.214872,0.202620
1751034071.595084,0.222271,0.207020
1751034071.620083,0.226620,0.211420
1751034071.645419,0.231617,0.215820
1751034071.671061,0.237141,0.220220
1751034071.694645,0.239647,0.224620
1751034071.716958,0.240632,0.229020
1751034071.739178,0.241994,0.233420
1751034071.761445,0.243892,0.237820
1751034071.785130,0.248275,0.242220
1751034071.806326,0.249094,0.246620
1751034071.828879,0.252421,0.251020
1751034071.849639,0.253317,0.255420
1751034071.873705,0.259579,0.259820
1751034071.895537,0.262412,0.264220
1751034071.917126,0.265148,0.268620
1751034071.938981,0.268540,0.273020
1751034071.963219,0.275641,0.277420
1751034071.985481,0.279587,0.281820
1751034072.009431,0.286155,0.286220
1751034072.031913,0.290382,0.290620
1751034072.054824,0.295337,0.295020
1751034072.076292,0.298171,0.299420
1751034072.098747,0.302712,0.303820
1751034072.121585,0.307872,0.308220
1751034072.144457,0.313066,0.312620
1751034072.167408,0.318354,0.317020
1751034072.189122,0.321781,0.321420
1751034072.212298,0.327549,0.325820
1751034072.234988,0.332510,0.330220
1751034072.257720,0.337537,0.334620
1751034072.280945,0.343289,0.339020
1751034072.302753,0.346860,0.343420
1751034072.326582,0.353583,0.347820
1751034072.349033,0.358073,0.352220
1751034072.371000,0.361905,0.356620
1751034072.392943,0.365835,0.361020
1751034072.415661,0.371029,0.365420
1751034072.437022,0.374191,0.369820
1751034072.459444,0.379124,0.374220
1751034072.481796,0.383953,0.378620
1751034072.503779,0.388248,0.383020
1751034072.525894,0.392811,0.387420
1751034072.548575,0.398250,0.391820
1751034072.570941,0.403163,0.396220
1751034072.595054,0.410660,0.400620
1751034072.618739,0.417236,0.405020
1751034072.640726,0.421122,0.409420
1751034072.663045,0.425624,0.413820
1751034072.684459,0.428842,0.418220
1751034072.708377,0.435958,0.422620
1751034072.730252,0.439809,0.427020
1751034072.753438,0.445725,0.431420
1751034072.776119,0.450789,0.435820
1751034072.797798,0.454360,0.440220
1751034072.819348,0.457899,0.444620
1751034072.843560,0.465531,0.449020
1751034072.866056,0.470323,0.453420
1751034072.888261,0.474706,0.457820
1751034072.912486,0.482140,0.462220
1751034072.935071,0.486873,0.466620
1751034072.957062,0.490758,0.471020
1751034072.979433,0.495331,0.475420
1751034073.001297,0.499201,0.479820
1751034073.024010,0.504450,0.484220
1751034073.046914,0.509947,0.488620
1751034073.069208,0.514483,0.493020
1751034073.091890,0.519641,0.497420
1751034073.114432,0.524569,0.501820
1751034073.136771,0.529202,0.506220
1751034073.159017,0.533734,0.510620
1751034073.181046,0.537993,0.515020
1751034073.203273,0.542622,0.519420
1751034073.225014,0.546567,0.523820
1751034073.247030,0.551030,0.528220
1751034073.269783,0.556631,0.532620
1751034073.292138,0.561566,0.537020
1751034073.314668,0.566758,0.541420
1751034073.337365,0.572165,0.545820
1751034073.360460,0.578106,0.550220
1751034073.383747,0.584218,0.554620
1751034073.407343,0.590656,0.559020
1751034073.429931,0.595440,0.563420
1751034073.452551,0.600296,0.567820
1751034073.475071,0.605020,0.572220
1751034073.498811,0.611577,0.576620
1751034073.521842,0.616911,0.581020
1751034073.545477,0.623102,0.585420
1751034073.568577,0.628371,0.589820
1751034073.591713,0.633671,0.594220
1751034073.613829,0.637432,0.598620
1751034073.636339,0.641923,0.603020
1751034073.659880,0.647999,0.607420
1751034073.682418,0.652474,0.611820
1751034073.705113,0.657244,0.616220
1751034073.727503,0.661592,0.620620
1751034073.750170,0.666427,0.625020
1751034073.771807,0.669759,0.629420
1751034073.793803,0.673810,0.633820
1751034073.816062,0.678353,0.638220
1751034073.837878,0.682289,0.642620
1751034073.860484,0.687505,0.647020
1751034073.883166,0.692803,0.651420
1751034073.905818,0.698014,0.655820
1751034073.928851,0.703760,0.660220
1751034073.951190,0.708391,0.664620
1751034073.974170,0.714005,0.669020
1751034073.997097,0.719468,0.673420
1751034074.019250,0.723732,0.677820
1751034074.043352,0.730957,0.682220
1751034074.066938,0.737167,0.686620
1751034074.091599,0.744832,0.691020
1751034074.113997,0.748855,0.695420
1751034074.136466,0.753102,0.699820
1751034074.158637,0.757000,0.704220
1751034074.181268,0.761709,0.708620
1751034074.204132,0.766796,0.713020
1751034074.226485,0.771121,0.717420
1751034074.249054,0.775843,0.721820
1751034074.274793,0.785284,0.726220
1751034074.298217,0.790805,0.730620
1751034074.320990,0.795314,0.735020
1751034074.343233,0.799107,0.739420
1751034074.365575,0.803190,0.743820
1751034074.388998,0.808981,0.748220
1751034074.411259,0.812970,0.752620
1751034074.433427,0.816941,0.757020
1751034074.455456,0.820826,0.761420
1751034074.477942,0.825515,0.765820
1751034074.501172,0.831336,0.770220
1751034074.523556,0.835813,0.774620
1751034074.546314,0.840903,0.779020
1751034074.570297,0.847791,0.783420
1751034074.593177,0.852838,0.787820
1751034074.615244,0.856680,0.792220
1751034074.637428,0.860828,0.796620
1751034074.659615,0.865078,0.801020
1751034074.681796,0.869402,0.805420
1751034074.705120,0.875490,0.809820
1751034074.727229,0.879655,0.814220
1751034074.750351,0.885409,0.818620
1751034074.774241,0.892212,0.823020
1751034074.798849,0.899871,0.827420
1751034074.823266,0.906952,0.831820
1751034074.845877,0.911138,0.836220
1751034074.867923,0.914593,0.840620
1751034074.890547,0.919087,0.845020
1751034074.913247,0.923756,0.849420
1751034074.936453,0.929217,0.853820
1751034074.960639,0.936078,0.858220
1751034074.982896,0.939886,0.862620
1751034075.005227,0.943946,0.867020
1751034075.027289,0.947721,0.871420
1751034075.049750,0.952227,0.875820
1751034075.073575,0.958809,0.880220
1751034075.095980,0.963113,0.884620
1751034075.117794,0.966627,0.889020
1751034075.140700,0.971924,0.893420
1751034075.162536,0.975605,0.897820
1751034075.186140,0.982048,0.902220
1751034075.208742,0.986844,0.906620
1751034075.231138,0.991360,0.911020
1751034075.253355,0.995666,0.915420
1751034075.276538,1.001476,0.919820
1751034075.300027,1.007644,0.924220
1751034075.322866,1.012721,0.928620
1751034075.346543,1.019029,0.933020
1751034075.369529,1.024171,0.937420
1751034075.391167,1.027309,0.941820
1751034075.416126,1.035569,0.946220
1751034075.437982,1.038878,0.950620
1751034075.460975,1.044065,0.955020
1751034075.482331,1.046816,0.959420
1751034075.505062,1.051855,0.963820
1751034075.527482,1.056430,0.968220
1751034075.550858,1.062465,0.972620
1751034075.574484,1.068753,0.977020
1751034075.595943,1.071693,0.981420
1751034075.618210,1.076062,0.985820
1751034075.641254,1.081649,0.990220
1751034075.664185,1.087002,0.994620
1751034075.686312,1.091125,0.999020
1751034075.708835,1.095932,1.003420
1751034075.731347,1.100742,1.007820
1751034075.752892,1.104140,1.012220
1751034075.774831,1.108299,1.016620
1751034075.796535,1.112199,1.021020
1751034075.819943,1.118303,1.023440
1751034075.842283,1.122502,1.023440
1751034075.867798,1.129746,1.023440
1751034075.890511,1.132950,1.023440
1751034075.913700,1.136150,1.023440
1751034075.936208,1.138395,1.023440
1751034075.959094,1.140613,1.023440
1751034075.981907,1.142494,1.023440
1751034076.003997,1.143778,1.023440
1751034076.026700,1.145187,1.023440
1751034076.050993,1.146989,1.023440
1751034076.073989,1.148089,1.023440
1751034076.096366,1.148872,1.023440
1751034076.118950,1.149616,1.023440
1751034076.141010,1.150160,1.023440
1751034076.163286,1.150687,1.023440
1751034076.185348,1.151119,1.023440
1751034076.205787,1.151283,1.023440
1751034076.227785,1.151637,1.023440
1751034076.250623,1.152034,1.023440
1751034076.272539,1.152292,1.023440
1751034076.294781,1.152544,1.023440
1751034076.319089,1.152901,1.023440
1751034076.341736,1.153102,1.023440
1751034076.363671,1.153240,1.023440
1751034076.387027,1.153425,1.023440
1751034076.409418,1.153545,1.023440
1751034076.432054,1.153658,1.023440
1751034076.453466,1.153721,1.023440
1751034076.475259,1.153788,1.023440
1751034076.497688,1.153862,1.023440
1751034076.520581,1.153935,1.023440
1751034076.543800,1.154002,1.023440
1751034076.565862,1.154043,1.023440
1751034076.588268,1.154083,1.023440
1751034076.610160,1.154113,1.023440
1751034076.632411,1.154142,1.023440
1751034076.654629,1.154168,1.023440
1751034076.677629,1.154195,1.023440
1751034076.700564,1.154219,1.023440
1751034076.722425,1.154233,1.023440
1751034076.744776,1.154248,1.023440
1751034076.767356,1.154262,1.023440
1751034076.790095,1.154274,1.023440
1751034076.812324,1.154284,1.023440
1751034076.835184,1.154293,1.023440
1751034076.857340,1.154300,1.023440
1751034076.879453,1.154306,1.023440
1751034076.902992,1.154314,1.023440
1751034076.925663,1.154319,1.023440
1751034076.948073,1.154323,1.023440
1751034076.969732,1.154325,1.023440
1751034076.992170,1.154329,1.023440
1751034077.014504,1.154331,1.023440
1751034077.037560,1.154334,1.023440
1751034077.059535,1.154336,1.023440
1751034077.082529,1.154338,1.023440
1751034077.107066,1.154341,1.023440
1751034077.129049,1.154342,1.023440
1751034077.151016,1.154343,1.023440
1751034077.173472,1.154344,1.023385
1751034077.197532,1.154324,1.023285
1751034077.222069,1.154282,1.023185
1751034077.244903,1.154245,1.023085
1751034077.267843,1.154147,1.022960
1751034077.289899,1.154098,1.022760
1751034077.311827,1.154034,1.022560
1751034077.333983,1.153947,1.022360
1751034077.355768,1.153857,1.022160
1751034077.378726,1.153706,1.021960
1751034077.401660,1.153544,1.021760
1751034077.423939,1.153404,1.021560
1751034077.447484,1.153190,1.021360
1751034077.469773,1.153038,1.021160
1751034077.493226,1.152814,1.020960
1751034077.516619,1.152590,1.020760
1751034077.540875,1.152316,1.020560
1751034077.564603,1.152075,1.020360
1751034077.586922,1.151918,1.020160
1751034077.609640,1.151729,1.019960
1751034077.632159,1.151547,1.019760
1751034077.654140,1.151393,1.019560
1751034077.681028,1.150922,1.019290
1751034077.706323,1.150554,1.018935
1751034077.733317,1.149982,1.018505
1751034077.756753,1.149671,1.017980
1751034077.780257,1.149359,1.017380
1751034077.810102,1.148279,1.016695
1751034077.835845,1.147666,1.015910
1751034077.862984,1.146776,1.015055
1751034077.890449,1.145754,1.014085
1751034077.914167,1.145349,1.013040
1751034077.943781,1.143573,1.011905
1751034077.967932,1.142984,1.010685
1751034077.995119,1.141568,1.009385
1751034078.023119,1.139755,1.007975
1751034078.048821,1.138668,1.006475
1751034078.076034,1.136969,1.004890
1751034078.100870,1.136045,1.003215
1751034078.125927,1.134884,1.001475
1751034078.148756,1.134507,0.999645
1751034078.174715,1.132506,0.997740
1751034078.199511,1.131066,0.995740
1751034078.226695,1.128314,0.993650
1751034078.251936,1.126535,0.991470
1751034078.276612,1.124945,0.989210
1751034078.303797,1.121728,0.986870
1751034078.329588,1.119309,0.984435
1751034078.354207,1.117467,0.981930
1751034078.380775,1.114267,0.979330
1751034078.409755,1.109338,0.976635
1751034078.436568,1.106041,0.973845
1751034078.461530,1.104061,0.970960
1751034078.486325,1.102022,0.968005
1751034078.511994,1.099049,0.964970
1751034078.539865,1.094063,0.961850
1751034078.565774,1.090798,0.958635
1751034078.589924,1.089062,0.955335
1751034078.618625,1.082859,0.951945
1751034078.643726,1.080204,0.948455
1751034078.669223,1.076955,0.944955
1751034078.691491,1.076814,0.941455
1751034078.715659,1.074281,0.937955
1751034078.738005,1.073456,0.934385
1751034078.760083,1.072543,0.930785
1751034078.783092,1.070251,0.927185
1751034078.805510,1.068388,0.923585
1751034078.827778,1.066363,0.919965
1751034078.849952,1.064248,0.916265
1751034078.872883,1.061023,0.912565
1751034078.896069,1.057372,0.908865
1751034078.918023,1.055085,0.905165
1751034078.941217,1.051110,0.901390
1751034078.963912,1.047675,0.897590
1751034078.985950,1.044919,0.893790
1751034079.007554,1.042511,0.889990
1751034079.029567,1.039339,0.886165
1751034079.051141,1.036614,0.882265
1751034079.073086,1.033243,0.878365
1751034079.094891,1.029931,0.874465
1751034079.117747,1.025176,0.870565
1751034079.141262,1.019625,0.866600
1751034079.164375,1.014690,0.862600
1751034079.187235,1.010118,0.858600
1751034079.209857,1.005853,0.854600
1751034079.233562,1.000116,0.850565
1751034079.256085,0.996065,0.846465
1751034079.277833,0.992964,0.842365
1751034079.301049,0.987743,0.838265
1751034079.323504,0.983505,0.834160
1751034079.347034,0.977854,0.829960
1751034079.372221,0.970056,0.825760
1751034079.394944,0.965919,0.821560
1751034079.417854,0.961444,0.817360
1751034079.442329,0.954781,0.813160
1751034079.464789,0.951085,0.808960
1751034079.487148,0.947397,0.804760
1751034079.509281,0.943891,0.800560
1751034079.531501,0.940117,0.796360
1751034079.553533,0.936488,0.792160
1751034079.575565,0.932729,0.787960
1751034079.598438,0.927682,0.783760
1751034079.622072,0.921605,0.779560
1751034079.644420,0.917471,0.775360
1751034079.667108,0.912789,0.771160
1751034079.688664,0.909684,0.766960
1751034079.710750,0.905648,0.762760
1751034079.732773,0.901622,0.758560
1751034079.753821,0.898887,0.754360
1751034079.776365,0.893828,0.750160
1751034079.798933,0.888777,0.745960
1751034079.820622,0.885005,0.741760
1751034079.845019,0.877316,0.737635
1751034079.868088,0.871859,0.733585
1751034079.892649,0.864475,0.729610
1751034079.919444,0.854361,0.725720
1751034079.943732,0.848323,0.721920
1751034079.970316,0.839354,0.718205
1751034079.994660,0.833971,0.714580
1751034080.023258,0.823079,0.711030
1751034080.048260,0.817738,0.707580
1751034080.075832,0.809298,0.704200
1751034080.101912,0.803295,0.700925
1751034080.130207,0.794797,0.697731
1751034080.155008,0.791133,0.694633
1751034080.179070,0.788282,0.691630
1751034080.206761,0.781057,0.688705
1751034080.229815,0.779612,0.685870
1751034080.258809,0.771271,0.683105
1751034080.284062,0.767671,0.680440
1751034080.309507,0.763917,0.677846
1751034080.335899,0.759230,0.675348
1751034080.362533,0.754464,0.672945
1751034080.390922,0.748194,0.670630
1751034080.416411,0.745147,0.668410
1751034080.441911,0.742106,0.666270
1751034080.465163,0.741143,0.664210
1751034080.494265,0.734899,0.662230
1751034080.519918,0.732086,0.660340
1751034080.548138,0.727192,0.658541
1751034080.578228,0.721221,0.656841
1751034080.609330,0.714970,0.655240
1751034080.640084,0.709617,0.653731
1751034080.668193,0.706597,0.652336
1751034080.694748,0.704711,0.651035
1751034080.725999,0.699850,0.649811
1751034080.753734,0.697575,0.648705
1751034080.780082,0.696185,0.647690
1751034080.808457,0.693663,0.646765
1751034080.837082,0.691188,0.645935
1751034080.865557,0.688977,0.645200
1751034080.899099,0.684671,0.644560
1751034080.927362,0.683119,0.644025
1751034080.955043,0.681889,0.643595
1751034080.985459,0.679790,0.643235
1751034081.013588,0.678655,0.642990
1751034081.043625,0.677072,0.642845
1751034081.072119,0.676098,0.642800
1751034081.105629,0.674150,0.642850
1751034081.136672,0.673045,0.643010
1751034081.164940,0.672613,0.643250
1751034081.192729,0.672294,0.643605
1751034081.222098,0.671917,0.644055
1751034081.254556,0.671543,0.644595
1751034081.282923,0.671481,0.645255
1751034081.312017,0.671537,0.646010
1751034081.343643,0.671860,0.646855
1751034081.373374,0.672216,0.647810
1751034081.401694,0.672565,0.648860
1751034081.430887,0.673174,0.650005
1751034081.461906,0.674246,0.651255
1751034081.493619,0.675637,0.652600
1751034081.521809,0.676307,0.654050
1751034081.552079,0.677725,0.655590
1751034081.578502,0.678062,0.657240
1751034081.603720,0.678190,0.658970
1751034081.634032,0.680451,0.660795
1751034081.661835,0.681806,0.662715
1751034081.686420,0.681859,0.664718
1751034081.713430,0.683249,0.666815
1751034081.742366,0.685773,0.669000
1751034081.772572,0.689083,0.671280
1751034081.804002,0.693155,0.673655
1751034081.831973,0.695184,0.676140
1751034081.863914,0.699889,0.678700
1751034081.890788,0.701239,0.681385
1751034081.920841,0.705043,0.684165
1751034081.952695,0.710239,0.687040
1751034081.980106,0.712050,0.690025
1751034082.012584,0.718132,0.693110
1751034082.043986,0.723269,0.696295
1751034082.070462,0.724207,0.699585
1751034082.100112,0.728345,0.702950
1751034082.129028,0.731930,0.706425
1751034082.156713,0.734522,0.709980
1751034082.181509,0.734522,0.713640
1751034082.204800,0.733504,0.717380
1751034082.230558,0.735731,0.721200
1751034082.257136,0.739099,0.725100
1751034082.284229,0.743259,0.729090
1751034082.310508,0.746643,0.733175
1751034082.336010,0.749351,0.737345
1751034082.361995,0.752952,0.741605
1751034082.389014,0.758094,0.745945
1751034082.413433,0.760020,0.750345
1751034082.436986,0.761227,0.754745
1751034082.463670,0.767040,0.759145
1751034082.485914,0.766910,0.763545
1751034082.512052,0.772685,0.767945
1751034082.535702,0.775040,0.772345
1751034082.562876,0.782644,0.776745
1751034082.589485,0.789256,0.781145
1751034082.615197,0.794509,0.785545
1751034082.641259,0.800313,0.789945
1751034082.664369,0.801892,0.794345
1751034082.687709,0.804251,0.798745
1751034082.710018,0.805481,0.803145
1751034082.734714,0.810635,0.807545
1751034082.760575,0.817514,0.811945
1751034082.785985,0.823584,0.816345
1751034082.810886,0.828850,0.820745
1751034082.836567,0.835283,0.825145
1751034082.860897,0.839638,0.829545
1751034082.884037,0.842381,0.833945
1751034082.906749,0.844804,0.838345
1751034082.929035,0.846938,0.842745
1751034082.951006,0.848971,0.847145
1751034082.973652,0.852364,0.851545
1751034082.996625,0.856447,0.855945
1751034083.018159,0.858539,0.860345
1751034083.041014,0.862923,0.864745
1751034083.063355,0.866636,0.869145
1751034083.086659,0.871925,0.873545
1751034083.108769,0.875433,0.877945
1751034083.130430,0.878455,0.882345
1751034083.151923,0.881460,0.886745
1751034083.173724,0.885146,0.891145
1751034083.196063,0.889772,0.895545
1751034083.219885,0.896626,0.899945
1751034083.241873,0.900560,0.904345
1751034083.264117,0.904991,0.908745
1751034083.286533,0.909736,0.913145
1751034083.310820,0.917271,0.917545
1751034083.333771,0.922542,0.921945
1751034083.356020,0.926748,0.926345
1751034083.378486,0.931364,0.930745
1751034083.401939,0.937483,0.935145
1751034083.423873,0.941230,0.939545
1751034083.447400,0.947473,0.943945
1751034083.469492,0.951454,0.948345
1751034083.491778,0.955839,0.952745
1751034083.514199,0.960491,0.957145
1751034083.536829,0.965488,0.961545
1751034083.559743,0.970905,0.965945
1751034083.583041,0.976838,0.970345
1751034083.605669,0.981674,0.974745
1751034083.629028,0.987610,0.979145
1751034083.651684,0.992403,0.983545
1751034083.674001,0.996719,0.987945
1751034083.696322,1.001118,0.992345
1751034083.718228,1.004972,0.996745
1751034083.741091,1.010369,1.001145
1751034083.765290,1.017691,1.005545
1751034083.787688,1.022087,1.009945
1751034083.809611,1.025852,1.014345
1751034083.832134,1.030644,1.018745
1751034083.854935,1.035868,1.023145
1751034083.877039,1.040033,1.027545
1751034083.898703,1.043640,1.031945
1751034083.920136,1.047058,1.036345
1751034083.943309,1.053220,1.040745
1751034083.966552,1.059346,1.045145
1751034083.988998,1.064159,1.049545
1751034084.011458,1.069008,1.053945
1751034084.033529,1.073297,1.058345
1751034084.055748,1.077877,1.062745
1751034084.080066,1.085603,1.067145
1751034084.104278,1.092858,1.071545
1751034084.131224,1.103901,1.075945
1751034084.162579,1.120788,1.080345
1751034084.184369,1.122218,1.084745
1751034084.208434,1.127456,1.089145
1751034084.234339,1.135421,1.093545
1751034084.256820,1.138024,1.097945
1751034084.279614,1.141399,1.102345
1751034084.302670,1.145377,1.106745
1751034084.325078,1.148542,1.111145
1751034084.346891,1.151060,1.115545
1751034084.368621,1.153755,1.119945
1751034084.390698,1.157238,1.124345
1751034084.412611,1.160660,1.128745
1751034084.434834,1.164725,1.133145
1751034084.457820,1.170025,1.137545
1751034084.480107,1.174261,1.141945
1751034084.502168,1.178250,1.146345
1751034084.524956,1.183428,1.150745
1751034084.547339,1.187986,1.155145
1751034084.569822,1.192740,1.159545
1751034084.593615,1.199456,1.163945
1751034084.615776,1.203563,1.168345
1751034084.638188,1.208144,1.172745
1751034084.660167,1.212131,1.177145
1751034084.682914,1.217364,1.181545
1751034084.705563,1.222421,1.185945
1751034084.727734,1.226763,1.190345
1751034084.750087,1.231444,1.194745
1751034084.772792,1.236678,1.199145
1751034084.795314,1.241609,1.203545
1751034084.817799,1.246488,1.207945
1751034084.840977,1.252401,1.212345
1751034084.862865,1.256299,1.216745
1751034084.886286,1.262586,1.221145
1751034084.908690,1.267219,1.225545
1751034084.930414,1.270886,1.229945
1751034084.952474,1.275196,1.234345
1751034084.974727,1.279861,1.238745
1751034084.997428,1.285222,1.243145
1751034085.019926,1.290232,1.247545
1751034085.041376,1.293686,1.251945
1751034085.064812,1.300243,1.256345
1751034085.088168,1.306497,1.260745
1751034085.111257,1.312208,1.265145
1751034085.136593,1.321160,1.269545
1751034085.159452,1.326002,1.273945
1751034085.183365,1.332428,1.278345
1751034085.206021,1.336843,1.282745
1751034085.227617,1.339765,1.287145
1751034085.251206,1.345875,1.291545
1751034085.274195,1.350977,1.295945
1751034085.296897,1.355648,1.300345
1751034085.319554,1.360295,1.304745
1751034085.341998,1.364673,1.309145
1751034085.364821,1.369683,1.313545
1751034085.387039,1.373802,1.317945
1751034085.409281,1.378057,1.322345
1751034085.430678,1.381147,1.326745
1751034085.453039,1.385874,1.331145
1751034085.474855,1.389823,1.335545
1751034085.497301,1.394813,1.339945
1751034085.518858,1.398484,1.344345
1751034085.541521,1.403929,1.348745
1751034085.563230,1.407905,1.353145
1751034085.586494,1.414285,1.357545
1751034085.608662,1.418877,1.361945
1751034085.630340,1.422784,1.366345
1751034085.653591,1.425707,1.370305
1751034085.679634,1.435603,1.370305
1751034085.703875,1.441472,1.370305
1751034085.726991,1.445201,1.370305
1751034085.750313,1.448624,1.370305
1751034085.772897,1.450979,1.370305
1751034085.796413,1.453716,1.370305
1751034085.819984,1.456093,1.370305
1751034085.843153,1.457917,1.370305
1751034085.865814,1.459267,1.370305
1751034085.889716,1.460955,1.370305
1751034085.912555,1.462022,1.370305
1751034085.935810,1.463086,1.370305
1751034085.958416,1.463837,1.370305
1751034085.981569,1.464628,1.370305
1751034086.004278,1.465225,1.370305
1751034086.027275,1.465801,1.370305
1751034086.052048,1.466564,1.370305
1751034086.077162,1.467246,1.370305
1751034086.100269,1.467590,1.370305
1751034086.123027,1.467861,1.370305
1751034086.145643,1.468090,1.370305
1751034086.171179,1.468508,1.370305
1751034086.194175,1.468694,1.370305
1751034086.218137,1.468912,1.370305
1751034086.240626,1.469029,1.370305
1751034086.262312,1.469102,1.370305
1751034086.285444,1.469224,1.370305
1751034086.306726,1.469272,1.370305
1751034086.329130,1.469351,1.370305
1751034086.356307,1.469533,1.370305
1751034086.381603,1.469642,1.370305
1751034086.406684,1.469730,1.370305
1751034086.433306,1.469827,1.370305
1751034086.464928,1.469974,1.370305
1751034086.493718,1.470060,1.370305
1751034086.523204,1.470137,1.370305
1751034086.552969,1.470202,1.370305
1751034086.586340,1.470284,1.370305
1751034086.615303,1.470320,1.370305
1751034086.646868,1.470366,1.370305
1751034086.679421,1.470409,1.370305
1751034086.708802,1.470430,1.370305
1751034086.739990,1.470454,1.370305
1751034086.769922,1.470471,1.370305
1751034086.801551,1.470490,1.370305
1751034086.832085,1.470503,1.370305
1751034086.862188,1.470513,1.370305
1751034086.893045,1.470524,1.370305
1751034086.922642,1.470530,1.370305
1751034086.953394,1.470538,1.370305
1751034086.984650,1.470545,1.370305
1751034087.012596,1.470547,1.370305
1751034087.043297,1.470552,1.370305
1751034087.073027,1.470555,1.370305
1751034087.104832,1.470560,1.370305
1751034087.136425,1.470563,1.370305
1751034087.166834,1.470565,1.370305
1751034087.197160,1.470567,1.370305
1751034087.230104,1.470570,1.370305
1751034087.260062,1.470572,1.370305
1751034087.288220,1.470572,1.370305
1751034087.316123,1.470573,1.370305
1751034087.345493,1.470574,1.370305
1751034087.375607,1.470574,1.370305
1751034087.403920,1.470575,1.370305
1751034087.430747,1.470575,1.370305
1751034087.461260,1.470576,1.370305
1751034087.490836,1.470576,1.370305
1751034087.520611,1.470577,1.370305
1751034087.550377,1.470577,1.370305
1751034087.582839,1.470578,1.370305
1751034087.615320,1.470578,1.370305
1751034087.645565,1.470578,1.370305
1751034087.676743,1.470579,1.370305
1751034087.705697,1.470579,1.370305
1751034087.733221,1.470579,1.370305
1751034087.766155,1.470579,1.370305
1751034087.795319,1.470579,1.370305
1751034087.826466,1.470579,1.370305
1751034087.858305,1.470579,1.370305
1751034087.890269,1.470580,1.370305
1751034087.922870,1.470580,1.370305
1751034087.952483,1.470580,1.370305
1751034087.981826,1.470580,1.370305
1751034088.012442,1.470580,1.370305
1751034088.042279,1.470580,1.370305
1751034088.075152,1.470580,1.370305
1751034088.102495,1.470580,1.370305
1751034088.132146,1.470580,1.370305
1751034088.163529,1.470580,1.370305
1751034088.191853,1.470580,1.370305
1751034088.219698,1.470580,1.370305
1751034088.245988,1.470580,1.370305
1751034088.275846,1.470580,1.370305
1751034088.304274,1.470580,1.370305
1751034088.333026,1.470580,1.370305
1751034088.359979,1.470580,1.370305
1751034088.387990,1.470580,1.370305
1751034088.419194,1.470580,1.370305
1751034088.449864,1.470580,1.370305
1751034088.480822,1.470580,1.370305
1751034088.512156,1.470580,1.370305
1751034088.540978,1.470580,1.370305
1751034088.571019,1.470580,1.370305
1751034088.603312,1.470580,1.370305
1751034088.630634,1.470580,1.370305
1751034088.663465,1.470580,1.370305
1751034088.690628,1.470580,1.370305
1751034088.718895,1.470580,1.370305
1751034088.748902,1.470580,1.370305
1751034088.777089,1.470580,1.370305
1751034088.806095,1.470580,1.370305
1751034088.836901,1.470580,1.370305
1751034088.866655,1.470580,1.370305
1751034088.895708,1.470580,1.370305
1751034088.927539,1.470580,1.370305
1751034088.960111,1.470580,1.370305
1751034088.988328,1.470580,1.370305
1751034089.020170,1.470580,1.370305
1751034089.051362,1.470580,1.370305
1751034089.081565,1.470580,1.370305
1751034089.113377,1.470580,1.370305
1751034089.140681,1.470580,1.370305
1751034089.170501,1.470580,1.370305
1751034089.200095,1.470580,1.370305
1751034089.228749,1.470580,1.370305
1751034089.258777,1.470580,1.370305
1751034089.289258,1.470580,1.370305
1751034089.318035,1.470580,1.370305
1751034089.346418,1.470580,1.370305
1751034089.375117,1.470580,1.370305
1751034089.405507,1.470580,1.370305
1751034089.433475,1.470580,1.370305
1751034089.463213,1.470580,1.370305
1751034089.495302,1.470580,1.370305
1751034089.526446,1.470580,1.370305
1751034089.557452,1.470580,1.370305
1751034089.586091,1.470580,1.370305
1751034089.617676,1.470580,1.370305
1751034089.646425,1.470580,1.370305
1751034089.674865,1.470580,1.370305
1751034089.707162,1.470580,1.370305
1751034089.735187,1.470580,1.370305
1751034089.764560,1.470580,1.370305
1751034089.792469,1.470580,1.370305
1751034089.821366,1.470580,1.370305
1751034089.856411,1.470580,1.370305
1751034089.887847,1.470580,1.370305
1751034089.916779,1.470580,1.370305
1751034089.948557,1.470580,1.370305
1751034089.977646,1.470580,1.370305
1751034090.008225,1.470580,1.370305
1751034090.036214,1.470580,1.370305
1751034090.069353,1.470580,1.370305
1751034090.099728,1.470580,1.370305
1751034090.129014,1.470580,1.370305
1751034090.159518,1.470580,1.370305
1751034090.187120,1.470580,1.370305
1751034090.217173,1.470580,1.370305
1751034090.247968,1.470580,1.370305
1751034090.275442,1.470580,1.370305
1751034090.302304,1.470580,1.370305
1751034090.331234,1.470580,1.370305
1751034090.365153,1.470580,1.370305
1751034090.393115,1.470580,1.370305
1751034090.425137,1.470580,1.370305
